"0x00115a2e2722a8c9145949ee283d4313b5576622","5"
"0x0013ef77b6c3d866fee42aa9faf57ed740374a2d","2.5"
"0x002610eb39dbcc9063a483d0c327d371fec12103","1.06"
"0x0055303a6ba95e8e071f153436ca5a081f27bf36","10"
"0x007f2afa580f82110840863e90643bd6982ae0e7","2.98"
"0x009a6b05ef5d29a781e68486d1e50ec56303b012","0.3"
"0x009f2510646d20ba63baae9077d60b7e9d0988cc","19.98"
"0x00ed73ebe9e8165eb9f9e9acfeed4090b9dbb44e","5.41"
"0x013fda6629888a8670aa835745d1177479af006d","16.99"
"0x014c28a8fa4169b8f87316f41fc28ff885873e37","0.99"
"0x017424dd8794a96201120fbe1c2976f77b88a802","0.28"
"0x01f4e3829976943b931a0fd3e4123860e18f8215","3.99"
"0x01ff53b12943db905c0fdb1d6528e60ed59c9e9a","2"
"0x0200e16bf7d546a113c2d98c78edfaacdcc93ece","2.26"
"0x020b54ae12b2076a143d62876dc5297e3b269002","9.99"
"0x021bb764cfefcf52d8b12417b280fa0d23d83ec1","2.45"
"0x02f276e1cd0235b676163390e5cbfa095e026112","12"
"0x0339e45d0e2487c616e1d1e1a75780ce4a340e08","0.1"
"0x034bb51fa7d64fa37295367a10e84170983ca95f","1"
"0x03bf63b9cc0ca3cbbb8b88692aa73a64a8a1eb5c","2.84"
"0x04545315b184e734910fd49aa43b41155021cfea","1.09"
"0x04701f0d969724c88bcf8bef26e9a4671a912064","4.9"
"0x04905cec2fdac7a74ce80876d078f5497867438b","6.18"
"0x04c2f88ca73c94fca3e625f144f28d36a5ac1943","1.98"
"0x053c85233ceac160b7db301bd308d806f85d1900","1"
"0x05a9fee113dd42b5efba7e823d1e314fa983abbd","0.98"
"0x05e1332e24b3008072e3e4fc3a6bc266b0d55852","17.02"
"0x05f579ef22db8662c3c27677297d6b8439257c92","140"
"0x062813739429494369832f9d5ed9eb33f1be16fd","10.26"
"0x06a5ba8b4cefa87c1107353e1cffb44bd246b02f","0.9"
"0x074d1f2b46087d67584a83d0c877ec5d33238d59","9.8"
"0x07844fa5141b6b33ae1bb66bfa5a54a0402950c2","2"
"0x079db99edd3fdc0cc4734e67c15754b5768b3e62","0.98"
"0x0802b3b5ae8301307d84f8022889f87ccce9216a","0.09"
"0x080799388e897da0c6f51f2647a81e4e73e475d6","0.5"
"0x080ee70a7ad59223154af2f898cfed8f17bbef0a","5.02"
"0x082f80d8f1fa5b21c55e17d04bc243981784fe5a","5.94"
"0x08783297cfff22641b7893a9568f26cf72b2084b","0.46"
"0x088d152d64de19df4b769a6a6826a163eab57863","1.32"
"0x08e3c77c14f74deb48b32e698f1c8d58a7dd3c76","0.5"
"0x0911c50891c20bb280825d04b1c29c5857eba2d0","3"
"0x09201c5c68d7257c1c57f62c94d28a57f98bc960","2.51"
"0x092b6a7b51109822fa186328369404a3510825c1","15"
"0x09bde25939ef81007e306a142beaedc38a88bebe","11.4"
"0x0a04124edd33b96e5622d4f245f56e27760e469e","4"
"0x0a0c9f2caf6c37085927508ddbd8a0c1d2c9905e","2.49"
"0x0a3b0594f80734d2b2060a8fae9f78ce8733942a","1.02"
"0x0abf412f882c93b6ebbc01232cff95c4fdb70ceb","14.99"
"0x0ad93edcc436fa3af835070728580d8ddd3a0ae4","3.47"
"0x0b25c259c88e1b69cbab58485020957039ea80c3","0.5"
"0x0b29eb79eaea593e7c7c07118704c27edf20a2bf","5.99"
"0x0b35a204f822a61a462ee30f3eeceb87fe046843","2"
"0x0b4674265c4b9872d872e758be100b5a4306f27f","10"
"0x0b6264667f67610c4b1f6f1b3239eda6f649f246","6"
"0x0b6ca2b11ee500889f5c24cdb5a229cda885ffd0","7"
"0x0b83cea027e5d30aaa8b12e1ceab4c5123bcde7b","2.19"
"0x0c258e0b2b9be3d980d1dd09bb25ddb303101142","8"
"0x0c43eb0b18774a15bca2e639ba470796147b8d24","249"
"0x0c5e7e3c949374995e374858198b968f7684ad5a","1.03"
"0x0c6dac12096dc7ff6bdda303b3d9e3a814e9cc84","14.95"
"0x0c9a0ba2eac064744c96981c2fffe501880a7843","2"
"0x0cba784cabb5f0451d65497b390fb374ee21b9b1","10"
"0x0cd164bc85526ef5865077ef9e8994c522386eed","5.05"
"0x0d17d88ffdbefb1efa56ac162fae8c33ea2a8962","2.56"
"0x0d1edba6def16216f6a9e9a964148f8f70ab1220","3"
"0x0d48441903f529a1f54d238426a724917136e625","1"
"0x0d82afcd9df23452ed5c32cbeed608cd02e63dd6","4"
"0x0d872eedbf81f2ad0b013fc26edba6dd724dda16","1.3"
"0x0db1b969c3e92d8e47510f8425f8e3b29d20e1f4","15"
"0x0dc7b6a97fa384ab9a4051b5de48837c648d3017","1.67"
"0x0ddd592df1253d18075819c9b2586e0cd33a27bd","1.4"
"0x0dfb39ed8b2867be561095f2ff77df64104f3d68","8.08"
"0x0e1bb28c551a75bd0b119f498192885823935156","1.1"
"0x0e4c37b5a55049f35dcf55f490de94eac22f3ec2","5"
"0x0e4ea90b93ec6f1a8c5de1f0fdc37563feed4e7a","0.5"
"0x0e5cc83b167e1ab5a49dc7dceaaf16195affee78","6.79"
"0x0e604f0e7e1fb97525e19feee72699cf0f3dbd50","1"
"0x0e62fa7f29666c1685e350907efff2329d1b7f2a","2.98"
"0x0e7b19c7e2f449e3ee762aabf067efb330c358f4","1"
"0x0e960f9bfeecb123579a58b67718c5fc0f28aff6","2.4"
"0x0eacdc4cc29bd853bf233d4a33a1d53dbe24b94e","0.5"
"0x0ec67db338c64defa00585104fc1a665468adfb5","3.4"
"0x0ecae2c8a35f68b7c974f4c237ae0919d6ba776b","0.88"
"0x0ecc9d9288ec6d256924c56f42d632260280c9a8","9"
"0x0ee81a2be047a5d89c6f9b1dbf147152f89ca027","1.01"
"0x0f100510ab8afed3a474953a8e99b3bb449332df","3"
"0x0f3640dfd3c976e1f42337bd0dde1a2a3f8f37ec","5.45"
"0x0f5ab984e3afc48e3d487402a6367a163b74978b","5"
"0x0f5ea0c2ecac0d9584df374b1a52f4e9daba2478","1"
"0x0f63a4ac7b3a1ee093421f95ac3e825f38e2ac7a","0.19"
"0x0f8aeb4572a8636ba129d55a84b7189998d8d867","1"
"0x0fa40405eb72cd92005146dd4d2746ef008a9925","0.1"
"0x0fada8b479bae1e0db0009b14b2195b417a0ad27","8.96"
"0x0fcb25616f2873a32f5d457ab677f6df5cc47691","20"
"0x103c88982cb879fc46206c7ff98336c4b833b519","4.99"
"0x105e959a69e51c9225606f49ce67c1af59d9203a","2.99"
"0x1070e28572a4ac24686713a4612839e03796e0b1","1"
"0x107e1c9e217c921abc1e988113bbdad89a5cad5d","1"
"0x10e19ccacc5a043df2baa966ef1d0109ec17462c","1"
"0x10ee67567304dee1d5fd2170f2b9d777554ac8d6","1.99"
"0x112838e2a535a14598ac55c0485e2dea2e801a22","4.26"
"0x115b65464043e9d0ad7422f95d1398b593c0efd3","12.4"
"0x11640bdcf955fba8ca8551edea3de2b35169b39b","6.02"
"0x12158ec38b398631fbed34a8faedb988527e5323","2"
"0x123ffc21d920ed95993c3b0db18136102168be6f","1.99"
"0x124486e1564f6f91dad279c9afae46d2b9242e45","40"
"0x128cee70ade62650175fddb54faca7cff889e771","10"
"0x131f640ea83a514fe0fb23629dfd9322adad3a46","0.98"
"0x132da2b08a085724ba89ff7cefd79aab3f12b8bd","0.99"
"0x134372af731932277b38e91ecde002110636bf1a","1.4"
"0x13522336f85cc2e30553c3aad328854c473148df","0.3"
"0x138df1a605d8b7afa43a860862134f53115c4150","6.88"
"0x13cd4fa8f6fc3331363d182194db9e0f7b8bc85b","3.33"
"0x13f77ddb3ee8cbe519ef410aa3fc30966e0ff9ee","0.11"
"0x13f7f710e781cd09cd81f6ecf2ca671026064997","0.41"
"0x14013f83b2133a8bff3b16e64973c343c0e82323","9.4"
"0x1423efe774aeca8d6336ef725a15b6cfb7fb219b","4.98"
"0x144d8e54cb5b5b41edda3a2d662a3248514374d5","4.97"
"0x1475dba5ddfd9ad635783d539c24d34c1900be2a","2"
"0x148127aaf7f411ac282e16174e0e0ba2292a9796","1.99"
"0x14ad1bba61e289e9111955fc5e5a1d8979a6b1de","1.98"
"0x14c0139675af543b3093b952088a75aa5c624a20","4.5"
"0x15975d29ad63146f0d70bdaab2506969566144a9","0.53"
"0x15adb32153c59abad573093a8fa553c4a9bcf852","0.99"
"0x15f073f54c292dcf536c2620f5c36cc3aaa020f9","2.96"
"0x1611b58a2e40356f79ee6f14a6c461c3cf8ce040","2.79"
"0x164bc1428f8cf12eaa30ba0967a897222a54c832","1.1"
"0x16d895d7ea58776853eb91a0c0f5d45d8a17cae8","5.56"
"0x170960cc6a33d4ac46deadc533a091963eec8bec","0.89"
"0x17399edb1833ddc5643e7048292a9047790f598c","1"
"0x1759f4f92af1100105e405fca66abba49d5f924e","0.79"
"0x175dee6026d69e0a9adaf5e73ed9d7b9765402a8","2"
"0x178e4339a14203ee5e82f85e4e0efdaba31c833e","13"
"0x17ca9667fddc9a8e1af92a70874c77282c12a0f1","1.78"
"0x180bf23048b72062494e58cd9955828a40c2403a","1.89"
"0x1843ed40c783b14f4d4d426b1ec4a5f471a03351","1.9"
"0x184c7ca1ffeeb5be9fb442233ec8abb09bcae65c","32"
"0x18555d0ddc4a9394ac58238ce4201e5b70c98315","2"
"0x18578ee1e747f0e2d9b52c9d118bbd4310c5dd5a","0.17"
"0x18e930b37ee43fd022780bd579a77044821ae995","0.81"
"0x1916338041bd3d116b1902c1565e2af3706bbb09","2.59"
"0x191d9d4ad88614e1c2b354928a25702305698762","1.2"
"0x193f56feadc361fdde6b4817ca7e3dae8330b239","0.99"
"0x1945a84760023d61bc1446bf7a3889198bb49747","1"
"0x19e4650ccefddd5634d901f8109850bcb5060999","1.13"
"0x19e938a39d203ba92078774aea7fd8353e549777","0.98"
"0x1a3b927d181fd5e2cd3d7476b21a43d903f6a319","6.66"
"0x1a486e19929570f71d5f106c7261ca5955a80065","30"
"0x1a74f393e965fdf9380c0ed5b263de0f6a332841","0.87"
"0x1aeb6326b05863ff94b7a94d93e34c1ed96440a3","1.83"
"0x1aee6fae4777ea97e70534d12be3dcf67ed070cf","6.66"
"0x1af7c09af16722767d54c7ab0d86aabaaa13a4db","10"
"0x1afe61f4cdf465bf7d2b48db207c2a85e69bade5","3.99"
"0x1b05c1b93d81e7f2c7acc9c2726b9b483a978620","1.89"
"0x1b0f0341c7883eedd1721fcdefb18874d4a8eda8","7.26"
"0x1b20c32f9bc29113fbdcc41f5a78036478512bf2","0.17"
"0x1b3526acac6ca459d4f25524ffe7ebc2755e9974","0.98"
"0x1b74c7be734d0782a76d4ad9bad7713a0cbe4196","9.99"
"0x1b92a5b80fa308c69b16fcea30ad9d9b288a3573","3.52"
"0x1bd0846594f2ec0d9913345c3f38f9ccd6192197","2"
"0x1bdba91fe3333a57d0a71d41b2fe97eb6872c732","2.2"
"0x1be48010c9d5c7402de5114292a8f07a1ac490d7","1.45"
"0x1c0d637ee9699e1796524afa5254e790b7dca6e6","5.4"
"0x1c8b27af979bdac8d1ef482d0fac86d11a805f5e","1.01"
"0x1cdbd0652e6c779c75e33322c5f9b573e014478b","10"
"0x1cf50c9aea69688542213b55f6fe3ef85cb1fb2b","3"
"0x1cf62e833a9b983ae6886e144be8f6c964526392","0.9"
"0x1d5ddad90600d1cf6ce1bf079fcfa9a5f3effe07","30"
"0x1d6adfa70e76acf99bc843d30a3a739cb9787fc1","3"
"0x1d8452196ceef0fb309aa01af728370a3966a4b1","1.99"
"0x1dc8f2b48ed0b85ca3ed8085d42abd04e961153f","6.99"
"0x1dcdf2725ee8a7fa48da34e695e7cd5c076e3589","0.1"
"0x1dd1ca46acf3706e8d6c6c9210e9de6bceb78ab8","1"
"0x1e260f9df292307e18c856a349d96f885325fbe3","4.06"
"0x1e44b53dc6402688b1793fc37c4054dc19c98b4e","13.35"
"0x1e5098e2557262ba48676cf020545c331264e95d","1.81"
"0x1e903b52c392d152eff7397ea6f85a28d7278920","1.28"
"0x1e91497868a920a245ecebbbffd6c6067a223537","4.99"
"0x1eca6f5a3f256c5a4082d292c0c8f0071f91dba7","69.3"
"0x1ecafdac74ee3733f3e9449caab995304cae10f3","20.09"
"0x1eded141fc6be3bae133e9f923b1ed32805f3e68","2.48"
"0x1f11261916aa05e2c63b64c835ac2bbb80e8c3d3","9.99"
"0x1fb4dd3958d48c011ddd8c2392013914a098d858","2.5"
"0x1fe40c8424e621fa52886501dcb5a6a039734718","0.7"
"0x200b6591326cca7daf74d4b6a5789824040d5660","87"
"0x201a52fd4b96b0ab999d1c6a0ffd222b09c0cea6","2"
"0x2029d2126b7f9cd90a6b7e3e5546f4a2fba4e92f","20"
"0x20443dfafe158492548dd6af7c0e1576622cb7bb","5.56"
"0x20aadcac8e77033ac92b74a0b8e45d2e778511e2","1"
"0x20cd73f271f5f5e9e21bc3b01f9862b93fb5a1b0","1.5"
"0x2112f04a24dee661ef6facc42e676574e588475b","7.06"
"0x211e44cf27fa855143bab70f5fee0552b4c614d1","0.25"
"0x2155fc4ca2b951b7cd6f9254ee50b3263e25cc11","4.99"
"0x2165fdf0cfe4b0736f6b315b9acc3526f5119d74","2"
"0x217c4cb86332d44460a87f1e2a55875c9ac962d7","9.99"
"0x218cdc8babe526fecce3cf0a442d5554fbf00b08","1.08"
"0x2193b5a405c2981960487bc1f7d527a697291697","27.59"
"0x21cb7ef1e3b93126269884b7648719394956d60a","9.99"
"0x21e68b7ecaa491e86817e3521b969b317a884efc","3"
"0x222e79ab40d859e50f0161d48aa4f0c1e8e5ded8","2.99"
"0x22399b9dae8d1c101ef37a62b97c0f8a36ee4c83","1"
"0x22443657fadff8d7c26f6b592984143c3ba24469","8.24"
"0x2260d26a055693608b5f15a480a86a055b72cf7b","4.97"
"0x22d85c0db6c98a1a025f04b6fd59a5c6d41d4c17","0.96"
"0x22db5f6d8c4dbeaa3fedf0e2159f06e22f25b77e","3.67"
"0x22e58569ef0d19f47fecd63daa78492ef96b0370","3.57"
"0x230f3933f2ea274218e40fd043b4cac0388ae29d","2.99"
"0x2346428b3d4d7c0dcb6473bafdd611d643e30540","0.47"
"0x23597da4713e387b01786ab9caea8e9899aa57da","0.99"
"0x23c7fadf12eb608ba23429d79dac9b656bdfe878","2.76"
"0x243987d74a6c41bee1797006a38fc612ad88bb55","3"
"0x246a62bb9dd52babbb2bdd2262f5d3604e6901de","0.5"
"0x246f28c26e253237f685f7fad122e20dc8036247","0.81"
"0x24f3329d2aa3c95a2b8af817086b3ad40b18bc36","0.99"
"0x25188e7a25347deccfb841b89f6f567520f4fe0e","0.4"
"0x251db0ef63e79697d79fa0ba35baf05a38e25a0f","2.49"
"0x25273b8c601c6545d574496d3d3478fa7dc2f57d","0.57"
"0x256ab1006edb98f4a3cae76b45f26018dff48ee3","4.96"
"0x25703824e8643338646a73b55dfe653af1f75e0d","1"
"0x25850a17030bda205da62dd1cacd6f34ad8ebdf5","0.99"
"0x25937e57af588ef6270d19c3859451989080b0f3","6.97"
"0x259d08ea63cc65fd97d09d6b3d34c3f07d39e3e7","2.14"
"0x25ca123493a3e89234f1851f7357a6c4bb8d044a","1.49"
"0x25e30a76a1d20d7dc5b2937bc8435a940ac4e359","0.2"
"0x25ff39e22e55a739883fc852ec6e3b0b11c0b59c","1"
"0x263b2afff06e5d565e2139161ea49d85e41b379f","0.5"
"0x2641b3d000b5be4b9da94a7cda0306c71d566f7e","4.97"
"0x265a6d61a517064f07745cb37b13b1a2d7918aad","0.2"
"0x266a3d6cb62429262cf8507103a40168d88fca6d","5"
"0x2681a51a406685182867083e13e0424940faaa55","6.57"
"0x2699b771eaf1c09325f0a55d8014676a34d8055d","0.99"
"0x26c151dfa1796cf571627cfbc2105a8997fccbcc","2.57"
"0x26c786daa2c9b175a02e114a9aa1fadc6735ac65","1.32"
"0x26c879bd1e53ebfe948f574a11edd9ed636eb489","0.9"
"0x26da17316c3684d78800839f72bf330ece4e40a1","0.08"
"0x26ff29e4489ca985077652076842c3200b299ec3","0.06"
"0x270943176277f8c3cda7081565e31387f501a2e9","1.76"
"0x2762e5281bd4fb20536ea75720d583f2a573203d","10"
"0x27c30cb18eec11db823cc849ba86329626a17f30","4"
"0x285e8fae6d6853c1c13f2fba15fb5b84c5a59117","1.79"
"0x28e2716876b6d01621acfde577b71f5b09c37a73","4.99"
"0x29446fbf1a9adeeed554befcedc280334e871c6a","0.98"
"0x299b373c3a3457f8488404b314b749589d58b3be","96"
"0x29ac7a59a2a9df2c2569e83b8362dea3d9ff83b4","50"
"0x29d8f97cec21ac930e6fa92985576e0d569e4ac6","1.3"
"0x29f2904c78d8a6e769b01965294eac19c416c43e","10"
"0x2a2ce9c0906326499b24e0bdf21f61ed12a51970","0.01"
"0x2a34e3440b1dd779e19e3f9d3729a4f83c4a4dc0","1"
"0x2a4814f9462bdb14139535ab8e8cfea89c7d2ae1","1"
"0x2a994997ada823310aa8c5cad2177bc0d35712ea","3"
"0x2aa1915d9c96990ef43855bb778d4bc1fc93587a","4.99"
"0x2aa269d8b32688d5ed83e750b05d2109a0f848a4","4.48"
"0x2aec2c27e968d934a43c610b4a22aada55adfaab","5.39"
"0x2af992f8c8a6499a71512fc04fc9330b02473255","1"
"0x2b4e45e81f70e39933e7ea8453e31b518b115375","0.23"
"0x2b6e942e9fddd8d3b459442e4a303e0915308742","5.12"
"0x2b83853d2af514444fc6f8908d489ad7ff7b4e28","10"
"0x2ba2e8d035db27528c1fea752d55ac2a0937df34","0.3"
"0x2bb2f9713da3850abc7e08abacdf569c2d56b21a","1.97"
"0x2bb95bbe42e6898eafa0a6bffad030ad4a1d385b","0.5"
"0x2bbb7eb18b0bbf719b10f0616eacd0ea76bb7f46","0.99"
"0x2bd60ddea5c2ead3942fc694d087aa16bafb49a3","0.99"
"0x2be64509790f6a17bd0ced97469271c65c769712","2"
"0x2befd97fa736b6ffcdd590cebe910d6b5cc16737","0.19"
"0x2c48164968dc5035d6a331b9ad0f947eaf7d0064","0.4"
"0x2c63bbf640abdaaa81b6b74b2b5321ae86fe53e7","5"
"0x2c848ca6f567d4d27d8323ea4056330474d15d91","2.59"
"0x2cae52f83465a45f43344198d0158f7d94f8021b","1"
"0x2cbce7ade596dcd17e2acc1d462b6ac3325d0d18","0.49"
"0x2cbfb47668dec7e4de6889bc993fb738757f961f","4.99"
"0x2ce1b65550ac80c1c0c1b59c6e09dd8c38934d6d","63.97"
"0x2cf3955050415e0007329e5d4ef29990f5b7aeaa","2"
"0x2d135f186535251a63ab3358309280b0b83973ae","0.99"
"0x2d1b569cdf4d5edd0fa35c7504aa51cef4a65b02","5"
"0x2d2e2ed5334165fe0459323b01f2c6c9d91a2f67","0.89"
"0x2d40d5555711c720fc7082eafa7db9306568cde8","2"
"0x2d501a81aa868bf3496c3dcb4fedbaecbb17b8cd","5"
"0x2d66f04ab4ddbdf6682a4af37b831ca80c0d65d0","1"
"0x2d7fe2b05e838f57f732b080eff59c6276ebca77","0.01"
"0x2d916bf4d19d54cabc36966399ce5e81877b21fc","0.29"
"0x2dada4d2236bdc1c72ac5c67f6aac64b52e5ca11","2"
"0x2decf8bdb99c83c21af69bf7f9e6bd61c8c83138","0.66"
"0x2e6f818123dca2343ec2ea91bb51816f9c1ff549","4.86"
"0x2e998da44bce14fa27d686698fe37039ca7c0265","6.99"
"0x2eea2dad2969aec7a86400425e95910dd7bdb3b6","1.84"
"0x2eebca7fc67188bc4e4f8180fdcb5ff98764f46e","1.34"
"0x2ef809e0d0520ab97b081aa1da6d50c6552a7d66","10"
"0x2fa21c9f3387b3537465f551fabf47af2ab70b3d","0.17"
"0x2fb6cb18aff42862c6ed0281fee80b693938bfc2","12.97"
"0x2fd82a4ff8f86f83fe0d6f25f6a0663354c41c72","8"
"0x2ff94139502df4bfe241350a931596faf118bf68","0.16"
"0x3014d0b7c9c65d5ae1caf1e5d088640d4439cf2d","1.51"
"0x30479759c150c2dedad149d4a10d0ae494259924","2"
"0x306ccd0f8e4f17ad825519fac8ffb61c844a4113","1"
"0x306fc06a09ebb24a4d268c5de52231a6c4bf3b59","2.06"
"0x309f137feb862acd01e2048b4b5d5dfe6c9c5c0a","0.9"
"0x3102b2377322a1407106d7f00ebce4c62f692a57","9.98"
"0x31099c6e7bdbf53cf7dc77a95bd8031221986677","10"
"0x3111a8f7713914aad90f44805e97c5b7e1a64097","1.52"
"0x312ce5436ac180edd859f85b58df581dd5b06feb","5"
"0x31328e41d6ce4eafd66851675b89a3a84e483eee","5"
"0x31d1aaa5031b4ed09d0d1b42b3d7de2ee8a958f0","7.1"
"0x31edc1d9d73b35f379b97831198f59ba05ea6d33","0.56"
"0x3209374f65d71fcda2ed262bf5132511785b400c","1"
"0x32426d920bdc9414805197e7f43e208fb49cd01a","0.4"
"0x3285de43ad6ad897cfdf0e48808b2aaca3df871d","2.18"
"0x32a9caed820e2161579b3abeeed6420e17c09967","1.98"
"0x32ef0b385faa0a80b940a9aa3da3d4dbf127f0a8","3.67"
"0x331ff3d4bc9f789fff03d500c95b17a1b21083db","7.19"
"0x3341905603985789dca7da3236393255c4242edc","4.99"
"0x334d8de8b8c1febf08a517b7087210de6eb5ddfe","4.36"
"0x3366e2505dfefb64d822f43e975a7c4ca3bf8b03","7.79"
"0x33818e2cb240422456ccd7858ea7d879a3542761","8.99"
"0x33a6afb0dc89a3cb530c9766f4a45632a6f91080","2.64"
"0x341c0ada91f107ab7ff808951381dccc78eabb18","5"
"0x3422571794cd29a927580ed36b18b32ed11838a3","6.58"
"0x349723caebc48e5344cd14ed2bd3fcf02fafe706","0.9"
"0x34aa26f1906687bafeecc333823543bfa1c03ae6","1"
"0x34b7bb1e4599f3452d448557c7bfa4e181ec1d6b","2.46"
"0x34b96fde96b95a8961ae333f929bd3d6c9916616","0.65"
"0x3527e754afb84f25c99094b8d2c46c095eb2925d","2.49"
"0x355a80d15057306aa876c0ad83d2242653ec4d3c","0.24"
"0x357296ea0d258d683c132346508d2764ef242a9d","10.99"
"0x3584a5f9aae8e4de1c7d8fb53a60b4a695045e80","0.12"
"0x35bc54095ea3df0021fa3aee6ec5571eb6706d62","3.77"
"0x362960bb08bc7ee40fa29443d71ee58c4c6f3dc0","8"
"0x3631cdbc9eef339c757b097d73ca5df95edcf47e","8.8"
"0x363d89865555ba66704a4a7c420d2135d34dbc49","0.49"
"0x364499826ade4a7a4ce79472249806db7f0cf06b","11.99"
"0x36a5c21b4c469aab190e1860e618a38a05f11c26","1.99"
"0x36ba7ec8422992cbfcccf0eb470b313fcb256e18","8.83"
"0x36f00d7b41dc6d3c641810cb642fede03dd35cf0","2.99"
"0x370cf90706eaf9b39fc7bb07b3f1c38ac89df224","0.98"
"0x3717e20ec655ec0ea6d28304bcc4c8caa0c325d5","0.99"
"0x37406b6de946de93ebf974faa3762164258fce1e","6.49"
"0x37457bed8bb768510a4c62e153a0b615fef42b0b","2"
"0x3747f4317d225d62258c38dcb02ba8cb5f5362ec","0.5"
"0x375206fc8a23948f62e987c28fa276dcabd10ea6","10"
"0x3766ae1717d11b7133eb1dde6a75dafa710aabe0","0.99"
"0x37aaa6f97a5a9482f66c6c0f872e4911a21ac9e4","16.85"
"0x37b6040abc092ff607bcfef3ae5122184560430f","10.62"
"0x37c40171cf922bda3a1e39fbec41d4f23fae1df1","1.78"
"0x37da469e5b4a4cb91152520e06115f222546cbad","29"
"0x3838f00047bcd1bf8098b01be6521cf580fbba01","0.05"
"0x38413ba8a62f5b45fbfb4aae5d864b46f1becd01","10"
"0x384d849e26b9d310d46da81d0d54b005e23901b8","9.85"
"0x38633e6c65ba7c65eb08d6e7b2d13ff8ebb3770c","0.5"
"0x38e403bc7ca91104f088bde1e651009b89247239","10.98"
"0x38fd94b4fc3bacfb3d208cfa2053b5363387bd39","14.99"
"0x38ffc6b5ac4f7c98d32112a6437900a8f183affc","26.32"
"0x398b756a67dd50b71c041afc67743f94d349b480","8.39"
"0x39a9e17e7392b7295cc255119125859d6ce14978","0.21"
"0x39f32d89bee8200a3e4b377f171b6377785a803b","4.98"
"0x39fd68f026a6b62766e30e08c46659981da26f15","2.63"
"0x3a374bab3e19ca1c87581a928c9755bc189caa06","0.6"
"0x3a4017ff61a2b92d0d2f0fbb6771e80342d565a7","1"
"0x3a82ecee4f915ffc0a8a221e3c0cb1db403a3113","9.99"
"0x3a94087e5c99c06f33c29ff247fdd00618de1223","22"
"0x3adc2ae5adda38a5cafc73db5f934dd417cf4f24","1.94"
"0x3adcd0e1b3cb7ee4157dee710390030a7104bd6b","10"
"0x3b1748ef3bd16b68d86ee8219604e5a6944563ff","5"
"0x3b20ad393f775406feb84eda059f6b6d9c6109f3","2"
"0x3b45fa50b1ebd386667957c204cf873dc3b28de7","1.66"
"0x3b5aecb262e6ef6f8144843cf9bf2efeb47f2657","2"
"0x3bc9e114401e2e81417d2193a75758fad72ba184","4"
"0x3be77147cc3b94292842be93cb48365bae3eb649","1.9"
"0x3be7c72b23b17105934fde5b237ce683a8953778","7.12"
"0x3bfd3492aa2a49fd7db8eae5a8705f93e5e9539e","0.49"
"0x3c154d6a5f53e66085ce1d7c26f23aeb6d6b18ac","10"
"0x3c41628a0a8b0233f64fd6a184eee6b5e76db6e4","2"
"0x3c4baae5d677324222c3def3a8c823bc9a8d9d17","2"
"0x3c6bcfe43e14617daa54b88e111a203c92f18e34","0.71"
"0x3c6ff83106d922c2eb2a435b51f09e787feddbc1","2"
"0x3cbf3464615cde6b0d582bf165e3686009af6b7f","0.99"
"0x3cd58c12f1b6294888c80165cff4aa3e57a21a67","14.6"
"0x3cd8a4b2d3a626e59c6c4da8252ca3d2f9d5d6f7","0.48"
"0x3cf65a79c9622cf563a6163522e8d91be4c93e9c","0.87"
"0x3cffd96903eaaa816f394d21ad4d1afc110afa68","0.92"
"0x3d11703d5ed4eb6a75b53bb36178756f5a88717f","4.88"
"0x3e72f17d9d25ec2cd161e95626734e77e75c3e32","0.99"
"0x3e86ae2079bd569300e0037137c140f1301d26dc","1.19"
"0x3ea099878198541368ab67785388206a00483516","6.39"
"0x3ea7fa6e60228b81ce84e583ad3b4458c26f2546","1.29"
"0x3f5a28f23a4b344832e5eebb11989214f1e3e6f3","3.5"
"0x3fa54d8a1e780e6489873faf597822092a33d9a4","5"
"0x3fb933e3c078539528902e62cab0af762edd809e","5"
"0x403d461b99f005a9ca6c693cb1ccbf8e8100ad8a","0.99"
"0x404016580433364490f79a341a777cef53c70849","1.54"
"0x404a23482940a1491e8d7bd044755c933a654ade","2.99"
"0x406bee7642f901fe49bf978e4e993a7093230707","5"
"0x406e0f8f5160b6ab25ef8e83b797703aa1a544b7","1"
"0x4081f32f4ebbd2624b351ac77d42e589b9c0b985","2.01"
"0x40ee1ac739f8a4b82c89945fbdd97a7435a51723","28.57"
"0x40ef0ebcf4e918213e692fd9e3fbdc4627a99a87","5"
"0x411d27b34717ff8e3b2418562ef9c3e95fe9368b","2"
"0x414dc32c950dd2ee415ec8c857ec0eb11ca77f1e","50"
"0x415eaa59e3c6c4de957441712f224bf8f7ba2250","4"
"0x4162be950f3ba50e557a7f4eae44c314b72e9fea","8.43"
"0x416667977406e1bdfaf91b9f37290ec0ece1b110","10.03"
"0x41900af3406650439aaa513bbfe4ba9fdc2cf11d","5.49"
"0x41980d06ff7522d4d5b7bbe6db4052e2ad1acb98","0.99"
"0x41f4733ebc014d829971ecaf54ff3c6ecf4d5f3d","10.36"
"0x42066018b3bfbf98446a14ef5b1547e10c7d2e71","16.66"
"0x423079b51fb6549285fb686c4a7977c3e2d22964","1"
"0x429f39a97056c6016f6ec95f2f7dc1e62272c6f3","1.7"
"0x42cada1fcb0f173b065354235c95319d9a06822e","2.38"
"0x42e7ec6dea1bab4bdc563f64c8fe5a873f2e0525","1.41"
"0x42fa5e39e0169e8280b03d39e5b56a6e40fc054b","24.99"
"0x435a0f353935f70f5bd79ac738b63f48f37fbf04","3.92"
"0x4362ef586a142c3c258f7133f20497f3ed66bb43","29.99"
"0x436df69c7ae4038a3ec6e8a4fcd6ea6817e640cd","2"
"0x437ba055bc48b0490a8a9bcb5efde9bbb20fffe0","3"
"0x43c4836fbb0218f7cd0a143710830b6741be0cc4","1"
"0x4474c7cfe765fa9f63219b740aede6012b81533e","1.01"
"0x4478906dd0d2a8822a6869ba1183cf6038fccfc4","0.09"
"0x450509957921d290023ed848d27e6fa40045bb67","2.99"
"0x450ee75bb96c8c5b5fa7ba2b6806a5df3213bacd","0.07"
"0x452a140b4cb5207a2a25cf9407d791c4922835e9","0.12"
"0x4535c02c5dd94cd2915b930ea89d5ea45161b47a","34.48"
"0x4554333caabffb9b3dc80281bec71e74b4873394","10.39"
"0x45c246284c4d34e6dfc6b788b3775033193d8535","2.19"
"0x4612388d94c89d2070a90d2a09be8872e91a8bc7","2"
"0x46a6d50b0b95c82cd3b050a2f8ea392f8246bc58","0.2"
"0x46b83028edc880860b63eb84075ff1a09c26e2d8","2.99"
"0x46f4f0a9968a2fb9035c2b7250cc1e45f53dd2ff","1.01"
"0x46f89e961ff79584daabbfb75b58b2e5e5c75278","5"
"0x47403ebaf8ad3685dcb4986e6a8a58fc36ae6b9e","0.99"
"0x47b340a7cd29bfa96a17c1685f61a67f0c7de422","1"
"0x47e403c61e795501b0c82a9f4b4d40b398b951bd","11.84"
"0x48453a52470751734c57e41783936ab489f955b9","13.35"
"0x48a57ec7a564e8b7602196eab9565840e48a233a","1.89"
"0x4931bf63d6a51e5f07ccd4f063a7540264c30d6d","1.99"
"0x493f1facdd720d18e75ecef4ec818145f44d17af","9.9"
"0x4a09ed4bc3bc3e6046749ac2700861d1fd0f0544","11.99"
"0x4a215af3711c4403ef2fda9eb36a529838477370","3"
"0x4a2a7b21c5a83a47d9772edf9a0bd83a43985b7e","0.49"
"0x4a2aafb7d9fc77f01f0c91ffd7918b6397eb9ba9","6.99"
"0x4a6ce3add11f1b5351ba0c13f7aa25720537a04f","3.33"
"0x4a8ff07120e7138b14cf77f8f95decde38c6c710","0.38"
"0x4ac00e23598b5ef227c946928d350deef2ee57f4","11"
"0x4ac4e7b7acde84a3a1e0d1ca14b29f656f1ff70c","1"
"0x4ae706d9ac92db881cf9a6ffdcc782e5f3ef8a4d","13"
"0x4b0f7afe60d413138dfa8a95e066224c4248f2c4","9.9"
"0x4b33274ec7e5d4e3d76f4a1854222210933835ea","0.49"
"0x4c056b1ef759507543d1d398dc8831fdb18887c8","10.79"
"0x4c17414b2dbe53167caef129e8b5a2de90915bee","6.98"
"0x4c7cd847a075b9cd230d3ababdc0341787d2588c","7.9"
"0x4cfa90ff83f3f16a29bf408e9322c9f1e30d18fd","126.78"
"0x4cfbb8ad0437a17709e6c8412aee81406f56155c","1"
"0x4cfbc06ff90fa934c7dac982457308c49de54727","2.91"
"0x4cff5a6dc26c6e1947566fa23b2a465884ff9a9f","9.97"
"0x4d1eb3d6acadf9dd5bf89773e33a6685636fa030","1.41"
"0x4d1f0e7d6941ac51e65ffcfbe8f84db0ef919f55","4"
"0x4d5ae32e39861bc30bce342a50a0b28c128a3f6d","9.79"
"0x4d605080b65dedec34b15404008df15c3408c5cd","1.99"
"0x4d89ae04110495986bc59eb55ef5e3e8dbfdc5d5","4.59"
"0x4da321294bd08db718d88384f8ce489f5e5e084a","0.2"
"0x4db6137656bdc1371b6f4d340ad4df59c933fac2","14.98"
"0x4dbe23e52c01f6abbf073931766f9c1aabc925cf","2"
"0x4dd6837a1ca5acdbd4d7aa37578e0c28ac4b9301","1.98"
"0x4df209cf0bc929336ea03fc375e590cf8122d129","4"
"0x4df391681ad5e8f156ad2fc0353c3fd95ff97e3f","2"
"0x4e612666bf4e70016d05a8d53d3669d4e2e8822f","4.99"
"0x4e6f94c1296b2cf66682b2b2546a83f1cbdca187","2.39"
"0x4e8c4473b9376afeb59d336fc1d39b06a9dc803a","0.99"
"0x4fe3420ecb7e487931337cfc83c3288e62e628a1","91.46"
"0x5028cffc8a2804d3dccc8c1f53fb636f11fcef07","3.19"
"0x505aca45ae3ef9e7997215e0b90267c9695b4735","2"
"0x50652586a76e9b087a0fe4f421e8562d094a21f6","14.19"
"0x50aa9ae1d10b553e4d7bc80375309af26e6d9ef4","10"
"0x50c5220c6d8376ea48da8e2d4e6f13473e9e3ee4","15"
"0x50dbc6e9cc3376a360416274ad59ea6c93430e4f","1"
"0x512d155c3eb8fcd0c56d8735848718a35172fc0e","1"
"0x51fbff03f915f2371711690d8531143e6d765fff","4"
"0x52225114a60b4c9f5c724f6947e85cd825950dac","0.17"
"0x522c8d394dbf37b696871bf58e592c6e99f3d40f","6.6"
"0x5265aae1de2621e60dbc32be82d0ee8ef2ac27a4","3.39"
"0x52848a7bfd82f845221202db95df2ee9101760d9","9"
"0x528f3840fbad570d84d9b42e00dc3ad0bccd7432","5"
"0x52b97b66b55b63c39d768fa4da27e7a091abbcd0","5.08"
"0x52c6a15973e57cdde717188fc0598e84ccacd4c4","0.98"
"0x52f32ac0b3cd362231e3ce6ae08614f98be6bc38","4.99"
"0x53117e7d9defe0e3fcc00de094847c4d67de8be2","21.66"
"0x5318e8f4dc948aeaba7db11901b45ef5294e1d6f","0.74"
"0x5396861df452c5591c656731239c536d5f55ece5","2.4"
"0x53b1556dfb6607a81e6ea4cda7972d300730b08a","6.99"
"0x540a33061bc48fcc62b20936c2a2d5b2fa8b3ac8","0.99"
"0x5444fefb556226d2ae1838d3012bdeab7db3ddf1","4.98"
"0x546c4e61837d009c67c7c8354319d05b7dd0dfbe","3.99"
"0x55009924c6fbc4f9e98209de5696951bd8ab3c77","1"
"0x55023bdc1d81aa5fd6715bdf861565f189303db4","16.12"
"0x552a2188869cde385490b2f05ae2fbe7684480c8","4.99"
"0x55545a49e3095b6e36191e2b2277e37af18ce8fd","1.97"
"0x5563ed3745df9e8400abaf9c1fbb6f821ac0e757","0.5"
"0x557491b0627e95195410001797dd9279b5da4eee","4.53"
"0x558df69374b708c96de4be3fd26b4e598f7c0dd2","9.99"
"0x559812999aa62230d704cc988414a20b969c7346","10.86"
"0x55c37c081852c5d9215a082f838a1f6391d7e1ba","0.75"
"0x55dac1fc4e1be842fabc9a54932cce5c0d12ba40","2.4"
"0x566430012ac88b896fc2c20221cf1240e4581f86","9.97"
"0x569e2a8f32d4bb9e2d25116ee2468444dadcbab4","2"
"0x56c0185f404b96b73b8b8786a14a93e6ffc9880d","0.85"
"0x56f409de8325ac8af90ca1e5045b303a4f1ebdfa","20"
"0x571ecf3a902192c4bdbfc4650c3cabab0ac4d075","1.6"
"0x573d1936d8821fc3eafb30e70a63a7f38123ac1b","1.97"
"0x5747c3da57fae3d7e8f331951dc58bc5ef6a1b24","0.63"
"0x57b274536df68d3a238b8553c5aefd8cee88c17a","0.16"
"0x57d4ffe3448ae8f6f3978e760eb80dbf9f58c87f","0.99"
"0x57d947130a3960ff885c307a104e9f83d3e11813","0.99"
"0x58215b27939f6f64a78f084b8eed607c99c538b8","9"
"0x585987771700742d213ba0aa9d6b1fd7c54225de","2"
"0x5886f9c28ba169da7c3abeb5a11f745cbef44857","3.99"
"0x58bad305ee8809093a46172b8dcca6e711c7df5f","4.83"
"0x58dc5f7b94b64bf8895776db1fd58bdd4b077eda","1.99"
"0x597990506d90598ed5960e7506897aed7a00328d","4.99"
"0x597f3c5d21b6640f30d5f50d02ff4ff382827785","1.49"
"0x59a97c0d9e19484cf16b08bfd1e58a31cd49f1bc","1"
"0x59ee7761c09f41881868bd5c7d706f693a739d2d","1.23"
"0x59f2c890876c7d890c09511667978e86be7255d3","10.09"
"0x5a073a47fcbc2bdcbb8b1954d05a61856d2765ec","10.05"
"0x5a75dd8ba393fad9a9ef310a2d909ebc0fd5e85d","10"
"0x5a7b08cd591a464b4ed21c89289a8eea01fce702","8"
"0x5ad52fcad06140a9c9ea7cc5387f1a803a71a5ba","2.1"
"0x5ae16f3f5c84047aa300e066774a1c3001b50c35","1.5"
"0x5b33d620b13c2e61758d8916195c3cba027188f3","4"
"0x5b37c441a64b0e35f0c3ac2f68ee051ac906c2a6","1.99"
"0x5b511d31174362bbe11bcdb0610d0940fedf4c8c","9.99"
"0x5b86693f8c789e81eb75dce8ed6420b43fccdece","0.98"
"0x5ba3750a16b1f63b2265a571bf8920e218f077a9","2"
"0x5bae4265c00ffb2394e65dc089a4402e862c1536","5"
"0x5bd7ea4865619f63ea95c01b017e41ffd750f7e7","1"
"0x5bdb580a2c1bce9ed6ef284d4880f3af6238562a","1.99"
"0x5c5664167fadc20204bb29544d459714227d467c","0.16"
"0x5c5ff0e9559a034667559b43b95a721fa92d44e3","4.58"
"0x5c61b09e63ccf23cb2fbfc9f383a0fd0fea0c1d2","0.99"
"0x5c91a17e81c37073e5b75bfa9b705c47fcca3c57","5.98"
"0x5cab6ef8877bf783d241e1af9b7975d57201f5de","2.27"
"0x5cd065baf6d5ec25d85099d9ba1429c56f189c8b","5"
"0x5d4a41ad93928a020ae2c22d26fcfa539ebeb052","0.95"
"0x5d4e2249c149a9eef8deddb0fbfffb86550b5452","0.98"
"0x5d4f6b6bf3824df750e266f74b3905a8b8468868","0.17"
"0x5d52f8cc7661306a4ab751ac3b35311e9e1a88ba","1.82"
"0x5d972d663f2e1baec569f0fb1be8ca824c2c57b0","10.09"
"0x5ebb7a3c6fcb04903ae0766ca6e6be5484a40964","2.78"
"0x5ec0ca71ebda818f0433cc213bea55991ce87d54","1.99"
"0x5ee6ffb12ba911d7e1299e8f7e31924b3e52564b","2"
"0x5ee906fc9d71ec61b2bcd5fa9abf829fffcc5ac9","19.99"
"0x5f2086d4606a8ebd5c85356276e1e88b58d64f2a","10"
"0x5f4c5bbd9a5acea3257984a1353573e64a453d8b","1.39"
"0x5f5f57555353613927a1f7e0b3ea4b552c08cfbb","0.05"
"0x5f873146722f1409ffcede7cd13c0111311eeab5","1.89"
"0x5f8bc3eacb4627f5a5cbd7153be9a0b71ed08425","0.56"
"0x5f9dff2f06a4e4a311ccf9c08b4dbd4c66178fd2","1.4"
"0x5fe31d3b105cbb3d25542b146a548fbd1930c9fa","0.94"
"0x6007c6fbb8a6e5049106b5e28ecfdcf777b3627b","1"
"0x6009b501257cd27858c7ddb080c614c0b02944d0","17.99"
"0x604b2f7ee1fb8a2b40ebf031940b4412e3aff6d4","1.08"
"0x60a282c92b749d3f4acc04e97dbf5f07276d31d4","0.2"
"0x60cb7a5f908f960cf1e8eb12b508af064b86eab6","4.97"
"0x61004cc15515f4077217d716a75c939c5fc2eeee","0.04"
"0x6106e4ed29ed8218addfe8cdd266d0ebc68a227b","2"
"0x6172f27e973da51fa6495865fa467153a530f051","2"
"0x617968d3ec36533992f4ed33c9f9643bd998ea2a","16.1"
"0x617aeff25e346fb33e103aa781a6700dc6e1db13","0.69"
"0x617c6e7cb53980855dd7242e2789140d30c23470","3"
"0x61b40e9f92def85d8ab5669a8d4d3401fe9bf772","0"
"0x621730221885e819408021b513b84fea13a03ee6","19.06"
"0x621e5c39a7ebc3563b91b0d1c144e5648aedc309","8"
"0x62508a55984af3d2054fe96ddc621fa5ff63eebb","0.15"
"0x6263da89c3d70a7732cdd068c7fb775b8097e8a0","5.49"
"0x62653d1d0d7f9d07ff66354e4bd822f71617369b","0.1"
"0x62a5392ef5e7f16a19497b35443ebe65f84a5cb2","0.45"
"0x62d1dd9831adadb6861e83d7d49b0169ff9f6053","1"
"0x630df293de7b9c6f383e3798f02d54a10c85883f","50"
"0x63481c533f984e2907b18aee7f6385003be3d856","0.47"
"0x6366dfeff4759404072ada0102c598cfde3e941a","1.05"
"0x639c417f20d9c57257b9066b224cca458c0fa688","7.99"
"0x63db17d372c1e6ad23f49bf7b2993cc8af482e91","0.8"
"0x6404de31c58a5ec1a04d4e28fb9caf689873aa90","1"
"0x643ee88f0cc3872eb8d2092d43c3220e35427653","0.99"
"0x647e7aec62b051a9b7f178302f40178569d0c318","1.69"
"0x648feff92dc12e69498c8c05665d0e4b36d5f44b","3.68"
"0x64d795784f46d1f173f0caf968ba1c31b2664821","4.99"
"0x64fe3d560e381c262e6269a30ee562f682867550","1.77"
"0x65285b5d2e525e119bcff8398b2299b92cfa8b5f","0.99"
"0x65309223433c123b7f4370f80826b3025a1d6323","1.05"
"0x653d8ebccd17e29e1e028d1442e53bfab3852846","231.4"
"0x65487c296d4f93403052c19ff8ec680e36266ac0","2"
"0x656308c43676b63cccd9de8bb17a0d7489fc9893","3.99"
"0x65770ea7ed2bb452069f9e884be82d12ee0d7dde","5"
"0x65a7323f3a389661949fa07bae8217566fa08606","5.02"
"0x65bff241c97bc5f13e19b81ebd457ada7ca4fae2","7.22"
"0x65d8047da1a3621489de9005b274b0b1dcc33edf","4"
"0x65fe84a05c01c412a3575f8c278d9e2208059a37","35.81"
"0x665475bb612572dd94656dfa025eeade16feecf7","1.05"
"0x6697059c1858fd4ae95002d8724ba7807f7ef98c","0.28"
"0x669a7ec3c8404a3bfb32c3cd20bc430b607c0c21","25.59"
"0x669e604bb0f0827c7b879b2cab3a21e1eeb2c4d2","5.68"
"0x669f741d978c796a03c0750784eca9cde20a6e89","1.18"
"0x66a709e53fd893203fccfc22b9e2ad8eb8da70df","10"
"0x66b9298ba632b260cabce4760552f4531abd5a64","0.93"
"0x66d4fb4f399b76e551aff2ec9efde76defd77f17","4.47"
"0x66d6a2c3722ebf869385b9794ebd313da0ceb10a","0.8"
"0x6766a680e4ec0791b2652ad0ca44176c3c5f8794","9.6"
"0x6783a25b691c283a04eb6451578823dff6ccd5ee","0.99"
"0x67eef90d33162e279bb4fbc6fddc5cc9dd926a3b","0.78"
"0x67f087eb590c94c7778d3d53ebc94103a345b009","1.26"
"0x67f94e2b3639bde8ec18b7c6f57a9e6c8a1b0b0a","4.62"
"0x6837fe877542337baf86c20caca637151fd10098","0.49"
"0x6855411cda770eafa324fb7b76abd47da1e25437","0.26"
"0x687e721858e45a5191ded5a7b3bbd8ca79272021","0.98"
"0x687f956a18fd757f21ff2c1f0334c589a6bd4d1b","3.84"
"0x688f21110e3412ccec9ac2a28c288cf7db2ea993","0.98"
"0x68951bb678c6fd3ec8a8527649a9f6c2ea173f5f","2.41"
"0x69691cee9a14daf0a4d68b06ca57de4ee867dabf","4.99"
"0x699e985ac55851dc4282328ac56d555874cfd895","12.97"
"0x69deeb87a7af9b214d17c96a20c61ff562c31c1c","2.7"
"0x6a49478e40cad6dc038d47e0911ef0e0e5588d5d","2"
"0x6a4a08742a2282b00e7fc5ae17f821385f02d33d","1.99"
"0x6a5c847b1ce50a6353299e20e66dcb9fbd221ba4","1.03"
"0x6a696ff659d01565f285832bf2b53ff87b21413d","3.12"
"0x6afdb803a5579571c5af9d0750fc8a76ef0608d7","1.12"
"0x6b06e0fbf3e19ce3825574ce2fbe16211a28749d","5.13"
"0x6b163ca9a0436f508403624da8d8a952fdd44a65","4.03"
"0x6b43a4db9a49d080f755dedc5edf705b54ab4e32","0.99"
"0x6b4d56c99ea039f23ff29820387eb970782c90d0","3.59"
"0x6b6f4828829f40dc914973f718f2fddefd14e4a8","1.1"
"0x6b97600ce5ff19269c7a0c38676a3e1aa96c6caf","0.9"
"0x6bbfdd1dc5851617a4be8fef52276bcac7d8b046","0.49"
"0x6bc0ad8827f9c969fa2265b692e124a8c4e4168c","1"
"0x6bd48b340f0264ba23536f6517389c0fe181b312","9.83"
"0x6c1e06e4405089bb4bb9a8f87e1637bddec1b7a9","2.03"
"0x6c278d9af036665e6c1ca16d64f354f13584f155","0.25"
"0x6c64e6004336ded3f57e9b2b8d974e50f00d5585","95"
"0x6c8176f7de0accec0ef805478013c1444ac4d789","23.86"
"0x6c9e38ba60cbf5c12125f8d9f3a0a9e2b7739b4a","1"
"0x6cdaec38592c44d9e6142e87d9ffb4c9adf5d756","1.23"
"0x6cdfb82d73d1999abaee52285c4d6c09b5e1d659","3"
"0x6cf915a3f24605f74b6462124709379ca3b54fd3","0.92"
"0x6d03ae59b0c6298abcce90a6c16dda338481ae97","0.99"
"0x6d0f8647f88e3c38e0a97b2464db9906d5d8fc71","0.5"
"0x6d368197ea67343d9dbd5367768e61457b7ca010","22.83"
"0x6d48e23c718b49c9713bf15ad52ed05ac9c6412b","4.98"
"0x6d615d7f947ff4e66eace7ff8cb069470bd08d36","4.93"
"0x6d7bf25c90cdfb9a286144b63cb4b02153e0c1b4","0.2"
"0x6d7cfcc7acbdc79afe980266bbb3e8bf6445cd57","0.11"
"0x6dc26bec12dbcc82984622e43b9aec886527e1ee","14.97"
"0x6dd4cb938ba7011fc258a8e496d1ea8d2926bddd","14.98"
"0x6dd66e8194117a8591b6bb23e2d46e82203ddd2b","1.99"
"0x6df8bcaefd1458cf44dadc5272fd7e647ba12b0b","0.98"
"0x6df9525658fd2c864fab747274579f5b0c1c11b0","10"
"0x6e2653d834331587f1b1961a28b8609a8aed6d46","0.97"
"0x6e741ea3bd2ab243d0464982b55af02111648f28","1"
"0x6e7e59739b29c5379f677eb75e0403dd01bacf3e","0.5"
"0x6e8afd160322da6634a04a59e04a16f27a8b40fd","0.25"
"0x6ee5c6eb7baa383b9b0ae1ccb146f9fe04e05584","0.69"
"0x6f3b41ad3feab31e24adbb63d1b27c7a0b0957b0","4.08"
"0x6f4b73d44ff0bb945b4c7ae5d8fab9c8903cc142","4.4"
"0x6f60192d34e4cb19ed440e3cc23228638a9dd977","1"
"0x6fadabac29171e89b6ff43d040649a442bacf3c3","0.99"
"0x706098f80c00a56a0e94416e2acc84fd758e9763","0.5"
"0x70d9d4432093343956d3603674faedfcf697cf3a","1.99"
"0x70fb115c5190e078ed3271a63d81bb34e01ecf4d","16"
"0x71203f34c020adfc3cda3e688d65887cde039d8e","2"
"0x7120ee7a79962549f19349da887607ba6dae6230","5"
"0x7141241c2efab14e85293bf5769b490abe6b63f1","4.94"
"0x717e1ec74faada9e87d6ec720fd7963efe2e3214","0.3"
"0x718bf82317c554432254c7aa1663517f38d39d54","2.35"
"0x719f3dd83ae40a61b60d3b03c78e51441d7c7078","4.48"
"0x71a4e57473cffcd047a6ce66c0e0cbf6812f1dbb","2"
"0x72155e99435092df72d1bb5503a20ba9aaef24a8","2"
"0x7219486e015a88320e1037606591473e2a950cbb","25"
"0x724a28af263ee98dcef4f0c8f4fdee886f17cc47","1.99"
"0x726da7c0ba388546de4a510ecdecc34dcd84ddcd","0.99"
"0x727b8aed2b9e7f75ec6f6a3afdf2385b7b183086","1.6"
"0x72bb7f752d704dd1bb339fe7ee1330e9b7ab4b69","0.02"
"0x7342c2d76cb5d044c9dfb242cabc874e420b2aa5","0.99"
"0x73936f85ac6d58edefe5df9965ed33a3f565880e","3.01"
"0x73a27f04aa3b1416191a122ddb2b2a75fdff5f7c","0.98"
"0x73bf553539aa1b69a26c6c4f4099ec0c230ff75a","3.24"
"0x73f2fadf35539951671bb681bdb66203b60d3e33","1.6"
"0x7453697ff21968ebe745f65b9e065da3c246ca26","10"
"0x749005ad362a1082a6c9a9f5b313fc60d15d403f","3.57"
"0x74a16dcdfcfe8a9a283340163ef23b9cc83f3ec9","20.81"
"0x74cd7d9e2aa94f0e2c0a1b888de08a2c7a2b56a3","2.15"
"0x74df575c2e3cc7b220fbdf3b2b661d75d459da71","3"
"0x750410db2d74027243fa5b6abcab763635fa7fa9","0.9"
"0x753360390617f05a1820e36dc6d0fda8c8984ca6","2.99"
"0x754973a86a0e41c888a01b4ae2d0e59a701e62fd","13.69"
"0x755e4721605cdd9925ebb4822adda9e8922061ed","8"
"0x7561a971a34e04b3f4e7d5548490144c376798c6","2"
"0x75664da471e2f5e72e39b6a6c701884898da32df","3"
"0x75c1b2455e691595b0d5f0806691532b7e2c554a","0.06"
"0x75d6932712e64dec3a8663a2150435da3b431605","2"
"0x75fabfe2063c9d577838442c97e24369d2c42977","2.1"
"0x7673ce0f8edf9001d997e33390b9dc9b43ef79da","0.99"
"0x7694257c9e26eb97d04b3299815cdf16dd7a3e45","2"
"0x7700b36e4bb147a4c54b7b1a51edb90f84d9b87c","9.85"
"0x776fe044c1b4d41c150f3f7aa7c4ec4417d9965c","0.97"
"0x777ca5b8b4f14dd4054ebbafe563d280afb8c40a","0.49"
"0x77dbc907ed72e73319dc48c3ad3abec83b66c8c6","0.16"
"0x7806f3aa84ee8ff9c207f784e641392a1aed6b32","3.03"
"0x7815646df3762413fcc1edde04f7e08809f4ca06","0.99"
"0x782054091f5f9a5ccf82bf0221caff8d35310d45","2.5"
"0x783bd8c0f8d75461ecb55b861660185eba3017c3","5.99"
"0x7843d0489bc79c91aeb369b518043990cdf87be6","0.49"
"0x784450e18add6af2a4effac3423be20d10d8b6ee","4"
"0x784510710846e3ae729078c21432c240e933cf18","3.99"
"0x785c7ec85275d235f10a4cfe9f0ed9f47eb6b5b2","1.93"
"0x7860f8b1ee29cc7f714eb7860b1bdb525227fc0c","2.03"
"0x788d3a2e88cf44b6c392b11f0262f3f93365d22d","6"
"0x789a3dc123e635209efd2e4d7023fef4fc9f7ae4","0.46"
"0x78a02f0a8bcab2d353869df7afc1dfe3dee3262f","28"
"0x78aed484c9a7919e2a2452414575a943e8f49131","7.04"
"0x78bf7bc315389ff5938ea7a45dcef8be3927ace4","10.98"
"0x78da77adb52b93ee1accb55b5b9c45e1f4878a95","0.5"
"0x78dd8ee2b3527c45e398d8a5acf54b20e4d275d5","25"
"0x78e79c4b9b35973f9cf033d4cd985a70c1f46df2","1"
"0x78fa2405d5ed50d72ad89b021f81149939c727cb","1.98"
"0x7909b328b69dfdb5f644676f879848eb62be9658","0.35"
"0x793b9d31a2dca4a9e60de9161cae35945041c3c6","0.99"
"0x798a1983c7e09231db614834061e38d87100e357","7.81"
"0x79ea141d30811444cd05a355a55ceff47cf06212","1.46"
"0x79eb9079de43afcccf7b4b25578985d4d2fd1fde","2"
"0x79ecc308cccee37e82dcc39e475e95ff837f3ec5","2.29"
"0x7a09380bd4e37751490842086cf7f041c7ede29f","7.75"
"0x7a2c2e7b5faf5f6d3a541a3c76a0f350a4e4cb3a","2.17"
"0x7a943e6fcac30c96ec48593f0ff1f2c494a00780","9.97"
"0x7a997fdbdeb346ef228e04aabd4aa908071bd51d","1"
"0x7aa72c78ec927bbdd304f571aea85fe96e0de8f4","1.27"
"0x7ab1bb399d9aa367448dd071c35084287f671257","1"
"0x7b41e3929a3d9ae54d127a733085fb841dcff6e1","0.54"
"0x7b5f1777b9a3b6bf919db631933880aef662feb7","14.94"
"0x7b932de75244bf9102ef6e1e61607616afc8f728","5.01"
"0x7c0329ee6268069cd007acd24a009acde06791ea","2"
"0x7c2300ef9253318cbe7e2036017476c0505c0bb6","1.2"
"0x7c3f1e1f9944a7f1b302830c360b102f4b440dcb","1.49"
"0x7cb403ff95802e21aa789fa409a86d3e3f60ea44","1.7"
"0x7d271e0f6a9dccaaab9e7dffa2ba22ead50310cf","1.2"
"0x7d562f2a92e12508998f80d5bf15061f204eef0f","1.99"
"0x7d57b8b8a731cc1fc1e661842790e1864d5cf4e8","0.33"
"0x7d6d6015dd3939b87013641dfd6cde79eaf7192f","2"
"0x7db24d0e870a7daf03d976cdfae25531507be45d","2.97"
"0x7dc3e78795c4b7d2b4472a10b4e6241c75297fd1","0.5"
"0x7dcfc85abbc094aaaadb54cb3756d26da1d1faf8","1.52"
"0x7df812bc712f7c21cce3f1c5954d795c8f046628","3"
"0x7e0689b7ae74b915d28049cd239f49b5119842d4","0.25"
"0x7e0be86f8ee7c55d1bab94701bf0d43cda96e4f1","5"
"0x7e31523844990d263dfe70cc7fa6a1adcae67d93","6"
"0x7e50699cbcffb3badc06f63b6969d8efd5837d01","0.99"
"0x7e53adb268861ada07f4fa2503c2485efbd9f62b","2.19"
"0x7e7b62361a95e45c34efe27b1bb0e40b6e1ca170","1"
"0x7e7c76ee96a03d6538a9d486e114ba3e74a6f4b9","4.98"
"0x7e920e67dcbdb2d3cdb5f243705bddf74433ba2e","1.84"
"0x7e9640d0f6fc8419afe451c0f7b26118d8033b9b","1.19"
"0x7ecfb83022ca006f14d7e9254ed1bf3ae51ad3b5","5.58"
"0x7edb02c61a227287611ad950696369cc4e647a68","4.28"
"0x7edfffdf2720fd219090089f7e18d4023e58ba04","5.27"
"0x7ef6a6b1be60db91616c04aa7f5bd2568d8c90bd","10.01"
"0x7f5b45aa7d42c9a77fc3e188f996b49c12906b58","2.6"
"0x7f7eb9ce0ee47c83bcf61a6ba5a5fbfc9e982329","0.59"
"0x7f8a31721fddf45857561ec06bfaf7846a00ed01","0.21"
"0x7faed2e5187d9ddc7d28785f77d28d0c8385a555","1.79"
"0x7fc7db62871c5b2f9ff920a69bbd51cca4437daf","1"
"0x802013aeb629cc5c80f4a9bed6830302d0529f67","0.86"
"0x8047e8114a407bd3af94b7346eea01af4f328ede","7.99"
"0x804e89c9cf8b500e20ecef10ba0ce9a1017dec5b","1.82"
"0x80540f72009fc95cda5cfc7847a8b28ce13b57a7","0.5"
"0x8056778d822c56e172209c559e8477f5211c9ae1","8.53"
"0x807409e0a7937c90d94375735e554b186e0ca43e","10.57"
"0x8084e9317f221bd82f1c71ec381b0a93a025437f","1.99"
"0x808dcc823ac6935aba688e768fba19cc336b8eb9","2.07"
"0x80990f1e9cd6cbb9dd54a86bb0515cc2dcc17d44","7.4"
"0x80b65ace1254bfc6b4b07a93622e44101afcf7d1","19.86"
"0x80bdb02c7bff77f034a5fbcfc2c2c383c3e541f1","1"
"0x80ca10f1bb49cabd35aa82c609d2e6f292917a86","4.2"
"0x80e44e3338ab6c6633435b2a9579ebf2bf23bad8","0.78"
"0x81344acffebefab98b88724728268a539e8d8735","1.19"
"0x817aa80f06939c62af3eb21ad6e727db6a10537f","1.06"
"0x818c69a3f3bd436087ec101f0ff8aa2d3cd35e62","2"
"0x82292550d5334e111a9489e11addf4979682b2d7","10.01"
"0x82786965ae739bfabec83a3e8eca483a8618d4d0","2.01"
"0x82b6610cc30e34e977a8a8dff0b2f0c3d93c215d","10"
"0x82b6f4f02e3c34a7c88ea531bb6baffa9c2cf160","1.49"
"0x82de742cc80cc03e150e520934da925e92d36763","2"
"0x82f9f5f2250a393326adaa8da00e969c794bd315","0.56"
"0x8300c3fa582111b068c4a6d03596635b39d95c18","0.98"
"0x83207537a392e740aa9096ca4e507fca1d5d0773","4.01"
"0x8323d4dd1cd7975f285df54e28002519a0d9db53","3"
"0x832abea7b9b1d64cdcca58088f628a0eb9e625ab","15.96"
"0x834fac32e3b53557c20b39632563231e52c3d3f3","25"
"0x842308dd568305a156e4a54334a424aacb55d28c","0.49"
"0x8443b903029268e810c1ee7bd0c1ca309765cab6","1.49"
"0x847b99a6b7d298cae7f21a716c82e2a7a4f5ba54","2"
"0x847cc08be8caaa2e2aece680b1e4fb7797904de9","2.03"
"0x849794952d449709928b99b888332b025375ad66","2.99"
"0x84996b9495d8aaeb6fe540d895f43a412647c30b","0.08"
"0x84ee794dda1841c47e90a158013a8110301b0ab6","10.83"
"0x8516a8183688f889e168c1de738fc63e2c58bdc5","15.3"
"0x852271883ed42cc3f9d9559b05ab4784fc768e93","2"
"0x85676e09f9822cb93ce19980f90c1efda97e2166","1"
"0x858a90bf89fa9fae0fbc752136ed5d02010e44ed","11.05"
"0x85ceba2ad5656fc64264e179632f468ed8c30619","1"
"0x86296e32302eeda0b90d8470b77ff58ba26ff50c","5"
"0x8681865a92bc891cd5905eca0fe507191670a65c","1.98"
"0x8682bcd3808dcccf9718f674f985b7cac0127061","0.99"
"0x8707edec2ddf5e26527ca2cd5a7d653aca576a07","4.86"
"0x8772c3ef9084363d3c242d21826cbf5d8ed51b65","3.57"
"0x87c4669958ccec001a5c505f01059a1d58e56b2e","1.33"
"0x87d2ee46f42df20e58fd4775b77b2b164f6d0198","3.99"
"0x87ea6a1f90109e37ebba32e8edd843b473016612","1"
"0x881c8ab73ea07be8549b9ee6c1cb6a4a186000f2","2.83"
"0x882cac083eddd5e6538c03816d6cac90f1e51a0c","1"
"0x8874e0e128804c1cc0be41389f40e48a6820029e","2"
"0x8896b27df8699dba8646961a2c800cd15301cb21","4"
"0x889988a12bb5b1824c88f8d0d8ffded3e7940b47","0.33"
"0x889d5dcd07d4043be171970d95dcc839f50efe60","17.79"
"0x88b056e5c5d9411105ca9cff5bbfe612585a1c0d","2.99"
"0x88bd2115cf5c48a6645edc9fbb604dde6f3381a0","5.3"
"0x88eeff2a414a492a378b115a14d5aff47dd063ed","8.27"
"0x890186b99e8afc7dd7a44141f705c30063943ccc","4.37"
"0x890d0e9bd3bd63ed8406069c02e4d18e81fa43dc","1.87"
"0x890d870ccefe176aa82c56b3040cdc490c00860f","8.56"
"0x890ecfefa4a160616156843a7d416ed8a5b431f2","0.21"
"0x89195c8b07156e17f888386fa06ef6a94104ca06","2"
"0x8937d230b019c2fa0f69ac553c3d577909c14650","1.93"
"0x895291ef3e177d5ec8faa5f02d6dc8f3fef0fce6","0.6"
"0x89e0d3ac5c9df4fe76f8826707bd1f31c328cc06","2.11"
"0x8a1c9849bacb964fc51d01109c0635eac7a22e01","3"
"0x8a1e9148a0c74bb3760008cff22502d06fa486cf","2.59"
"0x8a3137953236795583ce10e2bb532cad6517bffc","6"
"0x8a7b17ab653c10e147197b4e2339b1344f50b523","1.65"
"0x8a7f72cf1a761893a56349d40718295be42c6cae","1"
"0x8aaacc43a9df168e288b511a853a377f8ecbdfee","2.59"
"0x8aae50113d811edf6653ee28a779cdbd2a783707","23.33"
"0x8add4a3439a7a17b55c2644856b567c0edb3ab25","0.2"
"0x8b186b214ed398aef55c6b6d216e2443ea894e9f","5"
"0x8b33ad44d8480b63dbc6a9696b05ed86f35f1df3","3"
"0x8b55be5f2042b02b063758dc35ff09fc4ba02bf8","2.59"
"0x8b5e27f0335a1e77dddcf3177119b8cc03842cdc","3.1"
"0x8b85e69cc0d39dd260563624cb98a83cd1faba37","20.39"
"0x8b9c74245fd42041be9a145120f37ae1fc746e24","1.72"
"0x8ba612493fb453f685651a2778c78a99fc9bd2f8","5.6"
"0x8bb48edca94288fb386a7eeda6d506bae089cd64","88.6"
"0x8c5434e1f202ac090ab6d90ef13ab9cd6806a6cd","6.07"
"0x8c608867549383ef82dbbc1ec124b6c43549bf28","1.78"
"0x8c6545f225561426f7b4377365984123a87c3a7c","3.99"
"0x8c6e3b2af1f9d8508b3b953d03246d0b55421c59","13.5"
"0x8c9b16468c34df4245ef9e19d2a254c5adf3ce14","4.03"
"0x8cb0f2063f8ef13f0e09a1404569b35e40901b43","1.08"
"0x8cdafea4d7fbdfe71ebb94bb18bbbb6b9b316102","2.41"
"0x8ceb77d9ccfd1ac3b8f0e76ccdbfa15ce438cdda","2"
"0x8cef6d6fab527b751e6fb9a5a94de177fc03e3cf","1.52"
"0x8d1390f28db5d9cf6c9bd2ef76eef06a5e1c7f6e","1"
"0x8d1503b49cdadd3e3edf72d0c75dc033d3f7f6e0","1.99"
"0x8d4882a886bef480969634278b3e7b523ce40a6b","18.66"
"0x8d76a71faa0758eae0791bcf9bb2956cdb232da5","0.6"
"0x8dc1690d038b2551b546c04f731fe7ef19c0f4ce","3"
"0x8de2b521913d66facf8e4c0934eb7a81f93f08f4","1.05"
"0x8e0c93a54b2eda485595fc0ba0fc51f880ddeddf","20.04"
"0x8e0f5907d8018fe1ea7f01dd4d54dbfed468b54f","0.97"
"0x8e32917f0fe7d9069d753caff946d7146fac528a","4.99"
"0x8e61ae8193c2a7faef81032cff201394b7d49e5c","2.9"
"0x8e696f0536a65cfbd06bff255a0741ae91e82b82","4.99"
"0x8f245fef05a44fb969e1fa00a3e4c9e83773238a","17.5"
"0x8f4d94d59ba3ef9f8a8853332187aaebc0ed6ea2","23.21"
"0x8f7d1f2fb61f7f6e593608ebd29da654e1161553","44.17"
"0x8fbcfede375ddedffa09555bf84a13e7c60da3ce","3.19"
"0x8ffac97c11bf3219558bebbc3ae640816979f281","0.39"
"0x904e7ba76fb5be502f7a2359cf2b4acd910f950f","0.99"
"0x906c707244231642476b810f734f994289eac4d2","0.99"
"0x906e9be77e1a56d25f7149ffdbbaac3b606a0090","3.78"
"0x90761c0bfcf1e13c49e082768413ade93d215302","1.01"
"0x908fd47625e95b240312686f9dbb214598c3a4f4","1.09"
"0x90ad9b8b78363d2313688319f2060a2d375e5a39","5.39"
"0x90b2c33515f9f40b10d7d48070b0d65f020bb7e9","2.07"
"0x90b4ffdc6650f27b405ccfdfddb7d046f2e3c07c","0.04"
"0x90ccd9720c663470d4f98b4819b2851a50b91b3a","9"
"0x90e8a6becb3835cee2fc2345763e19ef66d851df","1"
"0x90ff790e0f41044d8c7a73450684d17550a02d01","0.98"
"0x911459ea703f9ff78e5d9a1ab96aef7aeed088e3","1.98"
"0x9132cfb5fcaa44b6fef0a77d872dda4554a98a42","1"
"0x9144dd892d3d0c721d03675aa7b9310eca44ae93","2.5"
"0x914c8ab66ba6ee4f152d64d161b5f2af6268b505","4.99"
"0x916ecc79fcaf224523e84d6f0af9a5890131b7c0","1.99"
"0x91889e80cbbbd412efd937bf31c5c3b6b7b045fa","4.99"
"0x91ad6b6bddd14bfdf1e19c34d346f05a20a4b675","5"
"0x91c7d8e1c7322aa9192c69e548806df602cf8e62","0.89"
"0x91fd326281f4057b951f987b88f6fd2cefbb500c","0.89"
"0x9200699cf630dbbc059dadef16c0cd373f6bb387","4.13"
"0x9218275020efff6bafc4a52ec24e51a4f75cba3a","0.52"
"0x9260aebba8fdfb3cbddbce659744eaa7f0479fc9","0.59"
"0x926d1fc65fda7b7203d07b63e7e34a04349feeb8","1.48"
"0x92808b6c7ea65b31f160512b8189aa9b91199c3b","1"
"0x92ae57e604179cc03d41514063a726df7e8287b4","9.99"
"0x92bbb7696c9389173564534016fbf9ab4b8271b1","1.19"
"0x92c31ab5c7fe5d34ed70c4d6b494ee309ca0d4ec","0.3"
"0x936731b337ff067f89c2ea476264d3e5b8c75474","1.48"
"0x93677d3d013f091f772e54e6e50f26204de7db79","2.99"
"0x93b6236f83ea1be79562931b7c20d97dfa9a7494","4.99"
"0x93bb96c1f9bb2677a4a1c48a4cc7956d5bbf3b25","1"
"0x93df435086a2f426a3e478c0792be2f448ad568e","2.27"
"0x93e9702adeb8ad040d3da639201edff5a6ab05db","1.98"
"0x941a4f5add0653e1aa7148a872801652cb983b93","0.01"
"0x94a49fc0d5952c324076f36012951f127ddea597","0.15"
"0x94e8ee32485e675f6b908b778a545413eeb9b53e","2"
"0x94ebde0e4681763c542e1ca1c5060d73897a4531","7.3"
"0x94fc99e9b8c3db8118d881b4d466ff362e4ab512","5"
"0x95160a2f1adc2aaef5cd2b9b33aca0292b0a7773","1.27"
"0x9547547833b1d54e308156c38179bc476013f5e7","0.2"
"0x957e684c1ab5c4d225e5fd2e96e8f7ff8de64a9b","0.24"
"0x957ec5546e44b548b0b06568011bf33774859bff","0.5"
"0x95b19af69c997381806f78278fd77867597044db","5"
"0x95b4d6578a536d9a15ea6602a79ae95ad4f46313","1.5"
"0x95d261c3e0e3b04cb73ae37f214936c737be6af2","2"
"0x95f8e053428d48b211532fcba4d05b8310fd9692","49.97"
"0x96058cecf7290ed66caac1b602be007509595063","1.47"
"0x9641ce570241afbbdc1cc3210bfe5aa9e4f1998e","1.99"
"0x967f7cea1e03c7d34f840d47f3a9d1a903f97b2f","3"
"0x968546e683d5275ccd045b4c0d45fcfc1b1b238f","2"
"0x96a9d446ff161d46711fb79cb0e5284910b39081","3"
"0x96ae9e75219bb858c579e46cc50058ffbb20fb41","5.19"
"0x973fbb9bb86c0ea5f4c3c0ea9ab908811017c07e","1"
"0x974d159fa85f8ebbca3d10cf602ea97483661db1","0.99"
"0x97cf1a5ebc149989870a4361a2000787d02cebaa","1"
"0x9804f59277b82c9fed025efcb3e53dad8443f3af","0.98"
"0x9847288c020f184865794137aa1f94e50d72c4a1","3"
"0x9895e36e12038a93ebce1e7da60142056552aa4a","9.99"
"0x98a2c01d8e15c0198da231918111915a5a7eb0ee","34.22"
"0x990ae4c7f2aac9ecfa0b8435e541aa3bfaf06705","7.75"
"0x9915e24817654c4bb75aff8e71a7445c57cc4061","0.99"
"0x99682ad401cde2c11ed52d42737518d22069ca77","30"
"0x99b07f6018cb8a5c77fca9371044e8f6038bfbab","1"
"0x99bf3aef37df64f5af8dc70b95cd81103fe94af5","50"
"0x99d9ea9c2a76581ebb7a3e1c6945831591a754db","0.99"
"0x9a106fd9bd96d14db20e89ea5cdb75ad06652536","1"
"0x9a28cf3d7efe5b979d637d489e04b07ccdd06746","1"
"0x9a645816a4d9d60eb275d468fdb73e88b8076fb3","0.11"
"0x9a82e9e45c25984ea2840f4c0e6cc7b5c84489e5","193.22"
"0x9a8b7629ad2c37cae69a1f33fa21a94a0a560e43","1"
"0x9aad57c6bdc424bcfbaef9ce687f37bf24c5b2c7","5.89"
"0x9ab2338e6dc0febd59a261f50aceba44f59c798f","0.04"
"0x9ad88a12330f51888c2645195511f2c227bfb0fb","0.67"
"0x9b47cbc6bb8acd1aab66084be3057a7a7387d7b7","1"
"0x9b73c9eac9e622f7331119944c09d920b007b043","2"
"0x9b86186cb7587b9c53ab394af636c0cbd7ce0c75","8.99"
"0x9bf26b18734536476a503eb2ef24e0fb207fe8f0","4.06"
"0x9bf5c54890ca3b8e057f2401629b1615ea5fd00c","0.1"
"0x9c3ce99f572eb94dfe0d5932a76c0f30f4b5184f","0.98"
"0x9c6ebd8dd62312693499897bf6cb7cabeedd581b","1.55"
"0x9c7b8bcd840eff88538c517c0d75bb854e399822","11.89"
"0x9c840d8287df8958fca4406fa58c25c4191a50e7","6"
"0x9ccb6ac733df02a17268a2b725c5574e54a5b0ae","5.02"
"0x9cddaca6cc40a1db6cbbc2a3972afb56cb86c293","0.81"
"0x9d78aaed6167f595793f45c572a6c805a5cf95f7","1.79"
"0x9da0a2fd4dd6b9c87544a0080c795697ed91330c","0.17"
"0x9da4c3c2b3e1fed1429834e595671b8e63352a33","5"
"0x9defee43b1dc01a4f8c67226e6ad911164806eb7","0.1"
"0x9df092781b4467ec8a4788a644c52961df875cc3","20"
"0x9e3dc48401e7e0e0261fa2c5fa8eff390dd9bd90","9.3"
"0x9e501fac3f1ef0ab9334b87b9ea5f9a06b2160e1","0.76"
"0x9e5f9950a4267ebfb54ba6d2c4bb6b8ca43bfdae","4"
"0x9e62d876c6844e0f5efdbbccc706c93e91b3a4e3","50"
"0x9e64ca75c38b9a5eaccd1cb236ecfec902c767d9","0.98"
"0x9eb8946fb020ed7c049ab94505547a129d10e0b8","1"
"0x9ec92f624c49f67d40733f8c66b881e2d21d0356","2.44"
"0x9eff32bea6760cddb0a5c6f87c9c8a18cf3ec52c","0.96"
"0x9f0ca7b0a0084c48848d551e80fbffc8d9c198fd","10.25"
"0x9f0cd2c6d3d537f7f3a8eebe9f08a49f7a96befc","5"
"0x9f3fe43a02977914b47cd352579528cdd66006c1","1.8"
"0x9f787025072c6e5825d4acaf851b35461e3bdee6","2.1"
"0x9fa0bbcb4209356fd7f89045250e305433a89fa9","2.96"
"0x9fb7563a1969f034e8feb83e499c967d31538e86","0.09"
"0x9fd323c81820c143a225b0cccd943a42ddfef79c","3.66"
"0x9fe0729954b882e1bfd766f527370d235dbc55d8","7.27"
"0xa064ac72c8835273f0d39320444ea1e728e4d6f4","11.23"
"0xa0a6e1bd0c9cec3be7754e5cdb83116513455e6d","7.64"
"0xa0cbeae7f1ecc590e3786baaf00a2ce5b67561f1","34.42"
"0xa0cf5c7e8645a5ccdd60b66c5dc2e57f4507a46a","0.98"
"0xa0d4aa4bf05fe9d7c263b3736a1cc7f6baeb3c63","0.39"
"0xa11462430cd215ad2d4a47436eae7768e9616a2c","2"
"0xa1262c7f16acc148719675c92591d608c61eb166","2.98"
"0xa1344b5913928f82d7d3109e715f6998ac597333","14.54"
"0xa17417d2d865a59ae494b3641d21929c30582ec3","1.28"
"0xa197f929fe1aa451e6703ddede97e7e2838e33a4","13.21"
"0xa1ec81b353e0e695f529eca3bd9c98593b7d7608","1.98"
"0xa22cd8bd09817376ced5dc1743b7b04e0358e343","1.49"
"0xa23e886f7ecddbbff30246420004af7291250120","8.56"
"0xa2411dab50081d04d4c46e63aa6641cf03e24911","5.97"
"0xa26ec65fe3fba8ad156ee9bb1edf5d3498e959ce","1.63"
"0xa27a14b5f42caebcdbf7a3c1be9f46e22bf02c34","5.05"
"0xa289c7870768c92950b2feab7706b2720d423b87","4.99"
"0xa2a71fba117222b564e3c93c050f4425e3be09a0","2"
"0xa2ee06703b923fdc6af6b7fbd06f21f370595b8b","0.2"
"0xa2fb4b1c69c6973008565e979bd8ce44154de59c","2.09"
"0xa311af1739e46d0c2821656b5e6ef4fabd42e076","1.22"
"0xa3240abcd901b500099411f29aeac30f418839fe","4.69"
"0xa32f57dfaa8b6ea6189ee15cad03459274d0943d","2.38"
"0xa362fc8166c42b592e420d7b245a5877f756c432","0.08"
"0xa3711e42b8df024b89d4edfaebcf1adea455a0cc","1.97"
"0xa396647fb3cb1d4c4c7d7a13b9e6ff37d170ad2f","0.99"
"0xa3f8e3b83987ea205c1c4b78e430107e6716b9bf","0.05"
"0xa40f26901e824e24a4866fd5f84aafb316713be7","1.99"
"0xa453b5cb5db648d55280a7b61c264651fd17e18b","7.08"
"0xa48b9a8270bf4860229e1b9c61f4fa1ba0d91da0","0.48"
"0xa4b85572121fa5a5e3ae72c8e636a67c690f622e","7.99"
"0xa4c0c286ae4462d19fae03ef872683dba63ed660","49.79"
"0xa4d56a2be7f9e9b07d543530feefb4f448502463","0.5"
"0xa4e5a1831b03a7650164e1d17cc86271e234280d","1.98"
"0xa4edebe039cde5e06fd466c5cedff5aeeb957923","2.9"
"0xa51362433550de5c7810ed82c846940c8fe088bf","9"
"0xa51d642f88f865b559038b5e58fddc86cadf62e0","15.6"
"0xa52e6ae453cd7bc913746113482911536e811d6e","0.02"
"0xa5423d542116d08c7557b7e3d114d526f9ab3694","17.07"
"0xa5ba9481b148b4293a62473c302ce4d4f2cb5f89","1.5"
"0xa5c72c71c4e0ec25c26002489311eb75bcb092d0","8.07"
"0xa5ce3e814b1d2d0fd4b07264f00985a88d15109d","0.1"
"0xa5d07c2a50ede6e603c61cbe3e0e0b1192b708fc","1.6"
"0xa6075d5980d472ea9845d47e8b73eb951f9cc41f","5.18"
"0xa613c28f3c1e830cfe7c5e265fade2e9f216a699","4.99"
"0xa63e85c0a12810f472072c73346f01a963477b80","0.95"
"0xa6417aa8d5fb14d65da44eb19bbabf4848c52000","2"
"0xa671a0c97f88a67ab702f8d1a5ca7402b92d03a9","6.04"
"0xa68532a733b3f501ae35d1461af0e356fc7de32d","6"
"0xa68a99d100f9615f0c13bbf7f8747e8a7fe9eb2e","0.49"
"0xa6a3e4ceb59e4b22a6a47f06b82db4106fafc5d4","7.66"
"0xa6b48665aa9a244fe04ee18974010a182eb19d82","30"
"0xa6c992704594a8ccd41bb342417da28eb54b2742","2.8"
"0xa6f2b65621371a16814543f955f52e3b44c0cb3e","1"
"0xa7036b3cef8dfc7637ee90b1ac92b5582898b48d","2"
"0xa703877c94f24c84f81cee27263b3c37855f304f","2"
"0xa70cf4b12c91cd09fe8049c50dd0a4eab141bd2b","10.21"
"0xa7250494ee59c8cf7edb3dcb226eba29d053d590","4"
"0xa73af3fd5aa974f84e95d30897e4e2b4b639b31b","0.75"
"0xa74097db934828dceecd34a9107473fe4b067918","0.4"
"0xa77698cf5005abfebbf848a77a1dd22b684872ae","9.99"
"0xa796b0f07cc8b17968c4175c6356920db1504514","1.49"
"0xa7b74f7865c3ab12be4181ca9b65b7dffa339e09","10.4"
"0xa7fa6670c0492d7244ea6de7ef51d6513625ae11","3"
"0xa803e7f95a2fcd3ee3415cff8747b31b44f2110a","4.97"
"0xa8aa5ef5f8b9d79fbf58089c0d746797b9842d02","1.97"
"0xa8eaca769d0be6001f68b4de4da9a5373ca752d9","1.28"
"0xa9119ec18533568f2513c498f6d5e1b8248ff20b","1.99"
"0xa98d94078c4b41cf4955e9a8fca7e8245c9f5465","1"
"0xa9957b2d6947c4cb878fd48b1557d637a64bc5d1","4.99"
"0xa9b1a760b56df3c18a93d596f7851d0d7144c866","0.09"
"0xa9f5b821818fde48075d91ae2939193f2833de2c","2.4"
"0xaa0281c40f8b7b03be140dd39a9c47bad4c9f1fd","0.74"
"0xaa6056ee1c9deffd738d0ac60a6140b7e8876167","47.09"
"0xaab4cf9484de0d81ec8b704be1250668cbdcd0b1","4.99"
"0xaabe160c8693abe1779e6460e2eb5afa6f866ff0","13.75"
"0xaac3473381526ad4ae9d553c3d7c78302aea4fa2","2.99"
"0xaade5ae663b6e49c30dafda61af20628937ef384","1.8"
"0xab35f7b0812ba15e92b993998d922587ef907ca8","5"
"0xab42c464375f2901a3e4ea89c4cbe2b528fc98e0","9.99"
"0xab88763a0dd80cee6ec3c9ae92bfae211cd046ef","0.39"
"0xabc4b7e4b1ba80fdb3df1aadfbb65b68913034ce","2.06"
"0xabfdf9b139f9b19aefa283de8e6873c3b93c720d","1.99"
"0xac155f325c144fbd506fdc30b5e357036aa1b855","1.11"
"0xacaad9eb510bbefefea63edf1febc725924dff28","3.01"
"0xacf88b3e33796526be818e4486ddc1ecb4eb13f5","11.5"
"0xad67335358e6e90e81c050148ae2a342b9d3bef5","1.99"
"0xad8a1cb0d30cbd07d437a8f6814c5dcc7095c3d2","0.14"
"0xadc8f22d07f3c39fadca43470da5b06a2143594b","0.99"
"0xadd6be8977894a164c791f7f9203df5dfce58d5b","100"
"0xae0134b8f48a8a1f59d87cb00a8d750b2952feaf","93"
"0xae4ebd935e9112abf37ff3246b2b52dc75a2bf1e","1.99"
"0xae906776cb0dad90faa680f34d223f88c9eef957","3"
"0xae9564382979deb6c987888ca88e1483a8372fc0","1.45"
"0xaec4e16202bf41f97d2cb2139a00105eeeed590e","7.1"
"0xaefc16eba4267e948bf9cbcb8868e35fe255fa73","49.45"
"0xaf13d6555ea4e28a07df1c8b1942dd9abab30dff","5"
"0xaf1a78e239865af975f3248314b9ab7da701ebb3","1"
"0xaf43f8b6d8bf7e8f404716c95d3e7acbfda69338","5"
"0xaf91283314f91e6cd357c3752876f586fce6d05b","0.49"
"0xaf9f5ca84f6fbf9b498defdcd02f37f43941c31f","1"
"0xafd772e72b3a8fd208f777a168243ab31aa0b7bb","0.88"
"0xb00df498104bea51b78a3c1fb50177b610b54ad2","1"
"0xb03d651170ceee35729aff792d522fd952cf94c0","6.87"
"0xb0f11412ab9b10fda58a746850769bad7ca80de9","1"
"0xb0f1c6b30ac60a53997e146e8a51db929a2752b8","8.68"
"0xb0fc2ce815cf5ce0ebd6bac8277963070b551da0","12.79"
"0xb12a6f20b7b66047772ed23f017d5e2274f8c6c7","0.99"
"0xb140ed1e606b199a265eca7203c2a9a683920b5c","0.1"
"0xb15bdb17a3b38bf24c0c2f338105edf80f6ae789","0.19"
"0xb19ec93a5dcbf68ac89742a4bbdc8e437b55117e","1"
"0xb200c31e80850ab3df07adad15c99eb9bb75071c","0.66"
"0xb24e22d7553d0d80afcbc77111b4eac156b8eb27","3.98"
"0xb25e6aac1f2fc0d81f3aff82599245294685c8a1","4.98"
"0xb27db5a34da5fe08b34b58b1c81cb5773ffcf894","0.07"
"0xb2910f61619327c90c8074220f79fcc23f4ad89e","1.18"
"0xb2d35ebba1cd6d625b0411fdaa3c65ea94949fe1","1.66"
"0xb30a88a413b7ee93252dc491a9b50a67ed0c815a","8"
"0xb35993b02aafbf5dbac5314d0c307353efe3e09c","0.99"
"0xb37465c05b540ba14e61a4690f39a3abff1f1173","2"
"0xb386b9b5105ee243d3b681ea9aa84816c3972bbf","1"
"0xb387fc22bd0222ad32e24bb3170d893a73e46e74","2"
"0xb3978cde31840fbc24847e7dd14d198ad65360b6","13.29"
"0xb3cab45afb018153776c020b0fedb1452ca897de","0.09"
"0xb3da19d7effe28eecd4c84c93be4abc0b447439f","0.16"
"0xb43aeb567a9893022dee55ab583af48951194fe4","5"
"0xb43b73d4bc9b8dbacdfd1a36d58b2df24b081c25","0.82"
"0xb447a053fc917fb85962c8810fe43a6f772cd34d","2"
"0xb44c16f914a6fc44712c2d53eb1ce1ba65445774","2.49"
"0xb465fb64333fc33a1c1c45e97eeba15be0d571be","0.07"
"0xb47c8d0c07b89798d2a206c44e1720cf673ac1c9","0.97"
"0xb48ca718f14f52da2fef12935d1232cfe4983ffa","2"
"0xb4d5afbc958d984a4755dd03e48efad7127c9c73","3.6"
"0xb4e488d56a6c38b64def7a8ef76d4b3008c3e5c8","5"
"0xb500070d8596f419bf95fc2dd0512b6bd8770214","5.18"
"0xb505830ffd0059f9a3d98c1eebade1b8279a40e3","92"
"0xb521b90578f3e7c647482fa6ec7e246469c727da","68.68"
"0xb52da4e1eb8e992585863db7b64849e6de720bd6","5.05"
"0xb559dd0dc42963ba7064c4bd2edfe65ca1167137","5"
"0xb5604c2c63804c633ae93e4ad3d14bcbade15bf4","4"
"0xb5c552a8038f63e8f464451858244aaef6be1cc3","28.34"
"0xb610fd3d17fb8e0b23f04987634e68cc3ca8a33c","2"
"0xb65eff2c6444e4917a4eb0f54c9b64ece9ca3e99","3"
"0xb6853737347c26f1b16f7f149c9d7c29a263b863","1.59"
"0xb748f7abc01e056fda0072fcce37978eb3c1c1ec","2"
"0xb74fd72d6d5ebb0904ae53510456627dc84be7a4","1.97"
"0xb76bca3e1235014d48a920c2e596510202cabca9","0.44"
"0xb76e56c65d8be99d70b95d386a452c0d3e3d7ac6","3.12"
"0xb7a76c2339a3d33eaa1493d940b87112a484353e","0.5"
"0xb7cded5da701c1845d69141261062b93a6e58450","7.99"
"0xb8111fb1bb0c25204212185972c1c602e4bbfed0","1"
"0xb8635950746a2746ce313a6dd0a63a3c3ff60d0e","0.09"
"0xb8712eba5b0e64fdcbd79ac2ff6af2bd1f4f81aa","3.47"
"0xb8a205399ff41145cf45c914b990befd125e581c","70"
"0xb8c01557b0ceee68a917a9b522d3f9a16fac0789","0.99"
"0xb8ccd369d7a8e1f69b59cf62191136a351b88f3c","1.99"
"0xb8d5db18bd8101a31cf9a988f5dfd57ebf0f9bb1","2.17"
"0xb903674a7ede8f02aa2e808f0af8a9522c0c8d0e","9.89"
"0xb90bc56bbdadcee316bb341f251f014129102853","0.98"
"0xb91f4f1d4234f97652ff513480b21fef1c6e2092","6"
"0xb926ead778f72f6021bd9aebbdbf90a2eaccfba4","5"
"0xb942eee225766db8180fb3dd2ca00c3608be0b8c","1.09"
"0xb96841cabbc7dbd69ef0cf8f81dff3c8a5e21570","10"
"0xb9a5fd67b0f08f8a49bf7e4983c84820d3802e35","0.66"
"0xb9c90a726ef2874884d89e1d6aa4d5c0cb65fa2f","2"
"0xb9e1ec5a04a50533c96bb384be537d9d70490e18","0.34"
"0xba22afc83295601cd8a36320cb16443cc0d62e56","2.2"
"0xba2dccb729c3c9e3e365dfe34524acadf1bc32bd","0.5"
"0xba3765feafefb78a2a76afb5305625408cb17bf9","2"
"0xba51a86d39994c5715ec85dbfa824e15681a5d02","0.21"
"0xba61f2c5c6a30338ef10390f8447b585effa44a7","0.1"
"0xba7c2ffc82aaf49a7f5faf757ed53634c5a4ed19","6.01"
"0xba807c486fd573c42bcc568848cb491989b89d1e","1.99"
"0xba84c4ffec8c6426a1a1857903aca854ecf2d6d7","3.29"
"0xbaacee4fbd1fb8746d60fafd426a3345c3fe3cf7","1.33"
"0xbadadaf18ce3d5a5ebfc84d4e45e84ebc257d041","0.99"
"0xbba43ce1484dfe0f388619599cb8e9147af6fc0d","0.09"
"0xbbf0c14350d994d3c29cf63b894628f47539874a","2"
"0xbc02d050432af626f56030f24c6f0188ff445418","1.97"
"0xbc685d94a73c2fa771b236ff5605ba788a4fe6e8","2.62"
"0xbc6b2e75bb2cb258f98e3091952e4fe964aea75a","4.57"
"0xbc6d89671b0f41490ee3dcec697b902af2448b41","5.94"
"0xbc96bd24b57e100447aa20edeceecc2b4b4e503d","3.98"
"0xbc9d3bc9d360dee0215edf1daf3b565774611e0f","7.99"
"0xbd4257605c3e00661887938ca23efb170aec3440","9.56"
"0xbd9205658c9b80a03a9837e49402abe7275640b8","14.96"
"0xbde43e5b38771fd495716455f6e701edb86007d3","1"
"0xbdef339f070b472c4596afa4d279d0e025f5a064","3"
"0xbe2991cb04e87dadc1c0305f1fcb74eb1cec3731","1"
"0xbe360525e8927515286afbeaa57ce204a92dcb0d","5"
"0xbe46c5a703af2b22e8516219f54591e326b9cf94","19.97"
"0xbe5ef3895457d6812262ee2ca3ac046ffa1fec10","6.8"
"0xbe6bd8c52720d405cc76f7fecc681b1dffc2361f","9.99"
"0xbf3dccdbb34769a2677755570cb89d6d85b15203","2"
"0xbf55f57daaeaf48c8c0911c3a9671428d5bb3689","0.11"
"0xbf5f01862cf4d0dba2ca93ccbf83bc0378efb861","13.5"
"0xbf8da05d57ec6afa91bee38d15296d03778b9027","0.98"
"0xbfd30f020c9e8bebab4e89787b9faea9764eed78","1"
"0xbfe40f09df18d089611811122ea0b213106f312a","1.98"
"0xc013046d97b0a1983c00580287d5473109f49f52","0.23"
"0xc09bcaa3b761af6bd6215bb843a39f72ffc8323f","0.1"
"0xc0c87758959fe3de62db5da4a85ee61ea900d98e","2.19"
"0xc0ef9da22448c81775929aba4b6f3331c75cdbc5","0.99"
"0xc0f26d21fb46c431dfeac522a6177bae4746b6cf","8.19"
"0xc0f3f97f3c997560b5771984a13011020fdfcea9","2.8"
"0xc0f90fde8c4082595e71e80835bc9df85501d9ac","0.99"
"0xc107f557aabfecd5df88df997bb01871176eb6d5","4.5"
"0xc110df0c22f3644ac1f36b92f6a3f26faffa3568","10"
"0xc124c646b8376e6cd0050b54dc41fa93a226ebbf","0.91"
"0xc154c0e1bfb1c3f26ab0775b24bb4d34cfb8b57d","0.97"
"0xc15d3ca538c12ad454102d44bf8e67fdaa25df9b","1.64"
"0xc16fd5e7a5b038d5c26faccd82c75309f21c530c","0.99"
"0xc1d0b8c3a5a76f1aff188d5296f1f610872229cc","2"
"0xc1e9928b68696bdfe34e6711ba06610794ca3279","2.1"
"0xc1ebeb34f2951fdf042bdba61fd065e024d5c9fa","0.5"
"0xc27470d27c80019a664e624f2c8f1f4b5affaa1c","1"
"0xc274bb780d26155998c10845a392d9d352e5961b","4.99"
"0xc28e5c65f4573bac961ceb8914be6153e890948a","1.93"
"0xc2ceab32ea8fd2103467a05a666fd32d7a5cad34","0.48"
"0xc2e6fd120d79e4f64679ff742a2167a7be0a9a82","0.5"
"0xc300d86222a070e8adeee1be0f39fe0c2b9bed24","102.4"
"0xc3266984c720e95382064bdf15058ec37dcaa1cf","15.09"
"0xc364aed228a528fa03b1f4fc3e01728b5694b7eb","2.98"
"0xc3ab220d99675aedd8ac82359d2c06c9bd885a7c","1"
"0xc49830add09b7b13758537fa4e8db73fa5fd4bb4","5.68"
"0xc4aac3ac81341fb46a0e93f9b803dc67bc8459c7","0.02"
"0xc4bd8350f429a6122b726a27947f67b228eeff7d","50.99"
"0xc4c10246060d9f13bf69c669a2f0c2356c772e5e","17.85"
"0xc4c1fe87579c8734e6b58ba4091bd5197d220b46","1.83"
"0xc4c3eb6f4bc94e928aa65656b69d224a0166fabe","2.99"
"0xc564831fe4ad4094a173704145a74038db99bfc6","0.6"
"0xc57e8f023fa4a9f7931a0b5637ccfe023171c21f","11.65"
"0xc5a2390ce7df33e55352c449e7c781e6d9cedaa6","0.87"
"0xc5f35d49b25fbc5fd15cc08a8ed2425b973a9115","0.99"
"0xc63416f0bff95ddcd32313d80cbc3fac7b1d92d6","1.99"
"0xc6516c7db9a234634c9c83a60cee47361b93dd7a","21.98"
"0xc65e657ca3ac7208a68db03f3617425e86b57074","0.5"
"0xc69914012d19b9001f1b8fab8beb674573df31df","3.49"
"0xc7084af736e5b77203a9a72d557a69458d2b13b3","5"
"0xc70fbe24db882cf099acb37ee6758d57cd64faf4","1.99"
"0xc739b864d8f6839c7db8fa5fecd8b309f2415ff4","18.84"
"0xc780aa3411b8da0572652f76167f5c056478cd67","1.14"
"0xc79bd47445cd99e77ec722a34d67074f1c427c0c","1"
"0xc7c5553d87386d2b031551e2b9c7dec25323a566","0.2"
"0xc7fb76d905102fbf68a981474bd26e5fa4427790","1.56"
"0xc82bc4a443ce91a7e7a52fdac1d694b8139d9243","3.96"
"0xc8529e6c4e7bbc3c06bf53d54e8db48865dab7e1","8.79"
"0xc8703040a5af627b8ea84a0bdfca73db0ec69a1c","8.93"
"0xc87f6ce696e9912a2060ce0eba7743c25190c5af","2.46"
"0xc8890456852358670a18d522f55d44bf6987bab1","2.36"
"0xc8c4ec09e395b031395e57ef49aba0885379a147","1.98"
"0xc9214d4970215d41a60bea79ef058dfe4a65ce4f","4"
"0xc9acc25f3ae67eb6f8f3475fea114fe005d4760c","9.8"
"0xc9b95585142b33fc5313fd6d1fa0a95fe5718214","10"
"0xca0ffa5338c8aa54595265294650f488e688936c","5"
"0xca4cf10498526be72a1ef65ab17b458904ee6a4e","3.01"
"0xca618402b14c990fa6cec68f24d1a57e2442bbaf","0.4"
"0xcaa75465ad34368428a6c86b778e16b841fab90e","0.49"
"0xcac1e73c5f1c4bc4acbdb033a26968423c61fcb9","10"
"0xcac6900da5ee0af6f840a88da1e858fd65826f8d","0.05"
"0xcb0817f087e07220e6ef3067d27926faf7aad1c6","2.99"
"0xcb18ee0f2d50557c59f5be5d86b1a287a2d2be00","4.99"
"0xcb1ab94d76842a8c63ba853fe87665454f4f49b1","7.59"
"0xcb1ec0978de429cf9ee0f53bc72be1ea594788ab","1"
"0xcb29174252ee768b5789f428d07ebb26a1c54624","10"
"0xcb526e3205bfc3565f52aafbe5fa38aeb4bbd39e","1.99"
"0xcbd93df0e8b21e6202fb8f139bfcfe54b38b22a0","1.27"
"0xcbeafe918d2138ceff74aed52c0b72507b5135ae","5.43"
"0xcc005e79bb0c5a29065eff22dbf9a9a9f78a2b00","9.94"
"0xcc338450fd58563552f61da29975c37bca6daf63","10.59"
"0xcc539790167b46503652239664f2a30a2d279917","2.98"
"0xcc6ad91bcdef4e05c62dad516aff57d346ffcb22","2.95"
"0xccc5ba723b7ffdd3b6c4d8d4f6aa4c4fe6345b2f","9.9"
"0xcccb0021bf8e6019f700e0dde7531a362b0f3b88","15"
"0xccced49c2b2923d34cfcaf041fe2c2865c85ab79","4.99"
"0xcd168163b319992b319cdb29d5cf416899cdff9f","5.24"
"0xcd954ebebab401d0d927cd3ce28495da18b1a955","4.99"
"0xcdb6bd2c78b1c271d5ab207061562340e232917e","9.99"
"0xcdbff05073523982c84cc305cb084f9eb16dc8c0","2.99"
"0xcdd3e2b80fee433e48b7bacb516a03c4e7d725d5","11.39"
"0xce1c9fabed5ac15362f345bb11b01a239c1f8253","0.16"
"0xce386fe02685c54070131219fa124b482c3b7656","0.4"
"0xce855cd625a5c04f93998c80e4388c8c11832ad7","2.42"
"0xcedc93efa1dd364460c3d537e8cd5d8472d38078","0.98"
"0xcee198dd1e4482735ee4013dec978a8c6f9ddb9f","0.98"
"0xcf2221bfeb1f793292e12621c7e3a266c4e440ed","4.62"
"0xcf554395256f54882e3efa654b85af66bc7976c8","23.58"
"0xcf707bbfae024f2061f75d66e3316f1a4a7ddfe7","3"
"0xcf947318c505751d8da2fcfe6021defd02c6bc3a","2"
"0xcfd015dc547338b4f244bdc7b36af2416840fd12","17"
"0xcff8cdb39327c62adbe8c8f280f50a56e31d796f","2.97"
"0xd034bc9e347b79e0a57e91e4198c757d7979f859","2.49"
"0xd08e34ceb31974baaacbd2abf20cce9e576f4530","1.99"
"0xd0a59092f5bca5b79cf99a3a457a16d80800c383","0.99"
"0xd0a7faf5648197a806458e16518a9cd553ab332f","2"
"0xd0c74312aca660568771f28a5c242ff32522e49d","1.16"
"0xd124c25bdff9685ee2baa3e0b83dc3912b709118","1"
"0xd12d23d76f50eaed7a9dd53a28f6c65c2c75ab6f","5.99"
"0xd13452c18f524f3bd8618f9e42078b44f0829cde","5"
"0xd142cc70e19bf933ba0fee62328ab71b18ce666e","9.8"
"0xd14d8ff30ef0478c1b61083a3495dcfc4663311c","0.98"
"0xd16d6cb1882e45f5a78eced47e7eec9c4f497857","1.99"
"0xd1ab91a9875390ac6d656e93144ce21b97ab19c6","0.5"
"0xd1cbcb96dc535b50f39dec37ed9061ac013b47d3","1.17"
"0xd1d7b82e0c658718ccf735a644e95f047280c854","16"
"0xd1f7942c178733bb867380deea844b23d8a5a494","6.68"
"0xd1f7ba51a0792719bfaad36d5401f9211ecd5913","4.32"
"0xd21ad81082e0463737998a88aacb624c4c562f91","0.89"
"0xd22714c6c9920a38f5846c1f790774fceb4b04cb","0.49"
"0xd265c3ad980b7b40d2769938a4809f6f01d4f1c5","3.99"
"0xd27b58b0d40ff00064fb09ed16ec48bd545777ff","2.02"
"0xd2a271695870930fd3dd4c68f5044f013a8d0c0a","3.47"
"0xd2aa90cda8b47b7e7016639da7a978d210aa4d43","35.79"
"0xd3431e78b53dc2532e2a9d085522cfd707455edd","14.99"
"0xd37e7aed5541dc3b3106a42fdceaabda826488d5","14.99"
"0xd3a92a25650038b51a699f58f3d5c6b25213ff5d","49"
"0xd3c177266f83924d369e21e28dee0a18e510576b","1.14"
"0xd3c445e2e72cc0c328646f3d2fb280390a9480c7","16.07"
"0xd3d713ae7675f6af044561a47a3aeab21996430c","2.99"
"0xd3d8c44a9dc66d7163d64d9ece373763d0d3868e","0.89"
"0xd3e00320eed73ca23316345d95cad9f56572fc2b","2.95"
"0xd3ea5fea374a228d67951aef697b77577850a65b","5"
"0xd41967279cf79479f39f626d4ce0216b36721d9a","6"
"0xd41fa0298cbfd3a479053e17f669ad8926a6f550","0.81"
"0xd42125dfb6e1b65fb6d1eeeedf4718334ce54286","3.66"
"0xd44f032c205d588b37f64940358537c244831b7b","14.99"
"0xd4634638a51029c8bb751d07f1e9e8aea1389fa8","6.3"
"0xd496eb74b1e3220ef7bc068138ce0dd1ef87b4c5","1"
"0xd4aab35ee60bd523c9a348cc7dd6b70f9a4e3225","1.3"
"0xd4ad1e92064f45cc9b4e76f279afbc2676141993","2.1"
"0xd4d124ee11d0b13d162ea1f067aa89529289e7a8","5.99"
"0xd60f4895e3946ab957bdaa3eca8328a5b413584d","4.14"
"0xd6195e344660da29cb3f59fbf0a7ee880ced5337","5"
"0xd6343b14a86ebf555cdd93839cbd09514576ec1c","40"
"0xd646aac61b03a2a8b6d27448f40c32b8b653ff45","2"
"0xd6830c5d68e8ddfc7a057a77a0a36987af843d3c","1"
"0xd692c3910880f3d6086040bf9b173d280eec213c","0.15"
"0xd693687b975fd7220d6bc4ad73452f39951cead6","1.48"
"0xd6d5916ce64dbdf9d0faf53a0f6bb85f8cd662ea","2.89"
"0xd71902c5cf44aec5d8fd4e5e120be5508a2ad654","1.98"
"0xd7199e045b8cac2a1a70c87d6d0a4ba0247a9912","1.94"
"0xd72075786bfd62112f16281517b1dd9815da7a94","0.99"
"0xd749a425cbe23e05d753e897ecdae89cd4281ab8","1.03"
"0xd779ee61b1cd93517188e88d52c393c62a30f3be","1.39"
"0xd787c6671cfee77f34d2049a149cdfe883ad13ad","0.99"
"0xd78847c478a4e2496e1e92cd4cd020f449788a01","6.6"
"0xd7aa531a3a46bdefda75f9a637b962b0400d1abc","0.94"
"0xd7f37dd3b66a09bcab1d5b500670582791eb95d6","2.01"
"0xd7f694883b41347e7039cfb7efc9a297f933eee4","0.89"
"0xd8140042a4cd7917e3ef66bc4728df3961033184","1.04"
"0xd83a501de6301bd8f35046bb19b7783e8705ebc0","4.28"
"0xd87512d91f1f8b827248e8c1177c2c731c416224","0.32"
"0xd8f5bff4542c8eadcf96aa8803208e5c5b0f569d","15.48"
"0xd9173ac6687de558a9d87ede68e3e28f5caaa456","2"
"0xd93276ac7a6b763c1eca9c72bb40d7e34b38df8c","17.4"
"0xd94403c46d6a2b5a4be7b9f46042ac33d1a6dd39","6.9"
"0xd94cbd25c3c55a2f9f69a69c65c000d84f39c793","17.25"
"0xd952cf67b3e433667ff5abb7681c432d44a2ab32","2.58"
"0xd98dde96dcf0d931d4b78984e97f61e716adf3fe","5"
"0xd99777c12da76809b1ff446654ec11966522d1fd","0.1"
"0xd9e4104911c755d6eeee394a109443f84f2604ed","0.7"
"0xda0d1eed5ece845dbcc3d7e994282d2e0cc5a1df","1.5"
"0xda36c26115cd1485060071bf00b76f2015df948c","1.5"
"0xdaa6481ec454632ae6a725e296aae7c97d2319d5","10"
"0xdbc89c9d250a678c98cf02a468d6b966e438d8e3","4.65"
"0xdbe9ef1e8fd724b977ba7662f3b87db2208bc263","0.02"
"0xdbed2b87b914e06e9504f15b24393a33625b9d7d","1.47"
"0xdbfe6f02869c5144766ea4c41838bf257419900d","5"
"0xdc6ad6f3f120559486ba613cbb674f7c8ab29da1","0.09"
"0xdc8e1b5b903277f3ac187f4bedc5720271f6deda","4.94"
"0xdcc2bafe912f198d1e108a4008f3d980067a03c0","26.6"
"0xdcc5f5685066b4210aaa96c51ea24cbe885192f8","6.9"
"0xdcec1ae32a159195fce9d4d011c8cb9ee709ebe5","2"
"0xdcf74559d9f215d6a73420f75cf4d38d0413f240","2"
"0xdd5039a79533bb000d788d055654964a4bdc2f3a","5.99"
"0xdd55e540cc910786acd0ab2127b5336627986751","0.15"
"0xdd8ea90f83334dc3acc95703d422200f601963d2","0.5"
"0xdda3cc5354a31fbb0e20bd0d8b2fa9ad8ac2d749","1"
"0xddd781cd468a6d5669fa8ed2a28ca135a4fd7346","1.19"
"0xddebbec9785870760f9dc02dc27e2719c390bfd6","4.99"
"0xde0c0e93823a8532208ed1deb1a76458a8d22bf9","4.46"
"0xde0fd72c64f9542c2d8e800968ca9e1af7cd3494","27"
"0xde59823196d9a85d45f0151b196e9e3c7ca5cc3f","0.14"
"0xde729dd65e966bb1dd8fe0fdffb250e8daa85d50","3"
"0xde7c657baf9d6659a42cb09549a781aeadb1570b","0.49"
"0xde9104d94f7e213ddcc0c729e1c6a1727b426be7","0.12"
"0xdecf4289d881e659a2196351a167d143bc35d14a","33.57"
"0xdf66a56448c0b7abb42548b5998ee11fa0bb9f9e","14.99"
"0xe02c45b69816b5b3307a023d98db8692bee78838","2"
"0xe03fbde4296e14d57c099d1ddd64f12e942d9e79","0.5"
"0xe047fda0a3cfd19b1e4241a1a5a230be76fcc2b3","0.17"
"0xe05f7aa7fec8af856e6bd245b1698f687dc68dc4","0.99"
"0xe06dc1590141c67c1a012e7a68307317c841431d","21.42"
"0xe084d8e0553d45c0fee7286505b346e24a7d47b9","1"
"0xe097904e4dd9c3c1935e0ca2ff727e2129fd225e","0.82"
"0xe0ae5e8d7dc63438a09d01f12483e9d577b38a0c","4"
"0xe0b1354ec7f5031116bad76e5d6d2ac5e119a313","10"
"0xe14e18115f97905d81635f49360531a0195826df","3"
"0xe1e0adc8f5f06809da0a9ee902ea884bd70f13c4","0.66"
"0xe1e927f59df76b2d48d73bfc0a8a3d2bd11727b5","2"
"0xe2094e1cd3197670555ca5ce8572115a8dee5b1d","4.06"
"0xe27fd427f139d48c5aeebe53273f538ca46031e0","2"
"0xe2853e574b034111b259b23c7f2228f6ef51e6c3","9.49"
"0xe28e920659ac540f9902414e0e0ff23a86712ed7","1"
"0xe29b4254093e7dce7dfb552f9ada1ad08669234d","0.88"
"0xe2e8480d9d832e9cee05794b126c990a6c1a9ee6","10"
"0xe2f97fc403b17002ebea8e9508718cc7385a8295","2.2"
"0xe2fe3b7e1944994964381421c2fa09d46b22b40f","1.94"
"0xe333d7e7e5e041bcb6d2417bc65bc9d5921a9d04","0.92"
"0xe34dc6b2983bf7253c41628c0082fd7f23a897f8","0.07"
"0xe355567d2d5da61940c66d5b580b2bd4e9afb05e","0.99"
"0xe35b3ec7dd06cc5d0c3350306d12c60c0ebf26cf","0.2"
"0xe3bb83fe7fac84118fec2ba1daae1c78ec3dd138","4.99"
"0xe461c4414a58c7ad9fb6bc4a2e7e86c6ee60aa33","0.87"
"0xe482681f782d9d3cf6b4e81a38f5544a77846909","8.49"
"0xe489cb587a8d5da0150564f0f6e2dfae5ddcfecc","0.53"
"0xe49e94633260909df058a819f37ce54596e858da","3.98"
"0xe4d60369264185e880744a4f029ddc5b303c51ab","1.22"
"0xe4e56fa9c17f850deb22b08423997ed6bd6bacaf","0.99"
"0xe4e8151523886c84e9fd2ae2ce9f941fd47d7081","1"
"0xe51d76b78ccd495571e66da6e8818d060e973e75","10"
"0xe5377c1250910df1f28a3e2a9ef002c5ea92d894","2.52"
"0xe56c470a342eedbb2e001e70d1c5765c042eb349","0.59"
"0xe674f5649803750048520fd88b089148033dff5d","4.98"
"0xe6a794931cca4cf492fb795e7199909230d660d3","1"
"0xe6e6274c4724aecc7e1feb2a7e3ce0d08376861a","2.53"
"0xe73a32939030ca53373e23c591d083c09b345d58","6.19"
"0xe7486438fb41c2d583514aa344b16e5db21fbc34","0.98"
"0xe74bc9b8e615490797104ac804bd3b1f4fd7a9a4","1.4"
"0xe7635f7c6db3c8878e5d02de133ae16a63a16009","2"
"0xe7bb0960396205e7c1d4f9b7bd55d9bf26f17738","5"
"0xe80d5919a41466e0648005d12f57fc00e35837fb","3.6"
"0xe812e4bcbdec8affd2088a54b36e0f7a7cde1f85","1.66"
"0xe81719c786e92f57a3cb9276f236f39960dd86f8","3"
"0xe881d97a8845a9794149c96ac1c9ac7a2025e803","2"
"0xe8e18911c8a8867f4098db7e6715d2936d0caf58","0.24"
"0xe9334c669ff008b2812b69667addbd6197d53202","10.67"
"0xea1a982a932955021fe42cc449c7a28218bde175","2"
"0xea516a6eee844d5d2d3d1bf4c5f6f38cecfadb79","2"
"0xea735f137b0cacebc4e9f2fd822932e5da8ef58a","10"
"0xea7fdfc83e4f0ca9bcaec2f8c9a793ced952e0c6","1.49"
"0xea8bc324a3c316436f4628b57f8a21dc52c77cb9","3.07"
"0xeaa9e4a275ac696592e873c02b38bb9bbad835d6","2.6"
"0xeaac811ce54f921fd30652f57d3033e2dc71598d","1"
"0xeadcbaa82d5023454fab9bba39a2582b41e9bad9","2.86"
"0xeafedde19f9c37e44f1ec91487003fdf895dda3f","6.64"
"0xeb1cd7d90a0f5931683e9e58c845bd232ed35615","0.3"
"0xeb2f2dc7cb0c9a10fcb6960664c32fb1e99b556e","14.97"
"0xeb80116144a9a1d68e778d1a4a27b4afed25b1a0","2.46"
"0xebd1953340964e1f3eee3e38b9e52ec2b395d8bb","2.53"
"0xec94f2d4383ec0a15f8abdbc523cffc65dd25117","9.58"
"0xec979dbe7840edc6cd75e91c9ae1d83a40eba1e9","0.98"
"0xecb7cf2ed19da35e47c38cc4e892d1289a32f0ea","5"
"0xecbc22cf21df80b8dd29d6709de96fb2c74321f8","1.49"
"0xecbfc1ed6a472d9ef4ae3e63b96477da3e2c22ab","0.3"
"0xed436e776a3f670531d4179dea9af45fc7f959c7","1.89"
"0xed4e45a84297b43effa7554fd60026648fd03f19","1"
"0xed5498d4624b15f5a37215b1e30776944a3c76fb","10.08"
"0xed77e7f25ab5a20af91e7b2f4083d3e9c48a0ae3","7.9"
"0xed856eff7a7329a176f8161d5cc0365e4f7acb18","0.2"
"0xed99584a6e83dee9714465e702029d051349fbd6","0.98"
"0xedb18a1935f6386c97b08db0e77c3315958e5191","1.99"
"0xedbbd205356cea3079b8325e0b731648dfc86607","1"
"0xedc76131d79e7908d2c308f90514b82c6f532ce3","10"
"0xedcaac5e2cb43e1d23afccb78e0f5efc8ffde525","0.5"
"0xedefc66e655e10f3f965640fe8233ba905adbcb9","10.19"
"0xee0e18598366a570bce51f5bccb0bda7ea6425a8","3"
"0xee182346e75643a4acfc256379e833d1f00dc1cc","3.3"
"0xee254384f42b3c70d0367bcbcb906eed5c443aeb","5.08"
"0xee7a79935c90f3dde1a2998dea5e89960943c271","5.5"
"0xee84d2212c7ad99b66daaa82e67b048de266f33f","2.05"
"0xeec169f02c7a14edc068da033a90bb6b079ae33f","0.97"
"0xeee9ad34c3bc2074c2eb78a60c3e3b132ea380d3","0.99"
"0xeeefec35556ae951dfed108361c2cf86a310b623","4.98"
"0xef08520755b91ffc2ba1910c1da9b5a2bed96ecd","0.1"
"0xef1035b46c80f4eed93db4cf16cff258f8647438","2.38"
"0xef45c7c1b45cb969feffded9338143eeff256ea0","10"
"0xef77355cd87aa47b66cf4a3df264f93771182b70","1.97"
"0xefc9608c6b59ba8321e5f036d9957f7a31cc7440","0.98"
"0xeffaede01c2b7585b1a03fb963a336d61f6de1be","2.34"
"0xf004eef70ec7f57666fc1fb65c23d74d95db9290","2"
"0xf006334c3dc0987dcc7818381b963e2d51fea776","3"
"0xf01b1689f61461f06ebfdea0b14852ec4bfca58e","2"
"0xf05e58d0b506ed04272f4285cc5acef1647da30e","1.5"
"0xf0afdf8abfd207433ba39882839a9fd2b1be9db4","31.71"
"0xf0d8574e7f932567506256614ddae87e86618915","0.38"
"0xf0df3fc22802fcb41548ac9226f4c9c4794e40a7","5.69"
"0xf1273d14fcf71d79e151af6dc0825dacb37a8bf0","1"
"0xf157f93690856e6eb6b43d4260069d59bb1ec861","0.73"
"0xf1b5729357e8ea98e8abb142f6af267db927e4e6","0.55"
"0xf1ce8f96badeb91deba3a2afd52433eb19bfc9e6","1.04"
"0xf1f86594eb0a9ad0f6c002d404377ead60e6e13f","5.99"
"0xf1fb9830008184ec5d3c162f1aaca41dcaadc3a3","2.06"
"0xf20aa946b9d1ca9eb6df7ea2ed4642021e45f77c","5"
"0xf246faf0c50bdd2d8bc14fbb5b4b9b8926494b49","0.56"
"0xf266a1d2e4099621d1f0dceb858e919ec1e6c01d","1.7"
"0xf26dd24b7d3deefb583f26c9f5eae94ead917d89","16.2"
"0xf2ba61c198cdc5a65ba484602231143f17d28489","0.52"
"0xf30bb04d29606d4d1df57ae9c0e0b26da931e515","1.24"
"0xf34a0fa2cdc44ddef9f92de6eca6f76288d94b44","2"
"0xf361416db134b72a3e84dece57cbe6179e40f283","3.61"
"0xf3776ea824b72c3e2c4bd1eb7e8b661580e19b34","2"
"0xf37a16a49890dc5d5c826b5f356743db076c4f9f","2"
"0xf38df02692e0f441251943ff7241c8e95b357b1a","1"
"0xf3b1afef477c4ccb574d318dae687a87d4b7d237","1.1"
"0xf453dd15e3c76b8c44ea7c78f183d3bab58e6d04","0.99"
"0xf46cf3dea9a29a8257214ded422ea0b07d71eb5b","1.93"
"0xf4b31c49c4c918cded4b2351fd69d59e612b2bc3","4.26"
"0xf4dcc716f554809746f39edda78310cc590dfa6d","7.72"
"0xf4ea5b4a35b9851b3e1fac17a8986eda891364eb","1"
"0xf519ef58a5920d903478b0ca19cffb09f91db40d","12.33"
"0xf5955fab1761740f82f4cf822acdeec2627f145b","0.5"
"0xf5a711949467d665beca9fab1c0b859ad55f20fa","72.89"
"0xf5c55f8d4ebaf3cb4e04a0b5e564fb6ddb87bdd3","4.59"
"0xf61e3f53f33fd54b0beadf4712fef6c5332d6444","1.08"
"0xf626c81282241aba6db36729b75b4549592a272f","1.49"
"0xf642616da30ab55ec13ca5aea9e7e59e4356cdc7","9.99"
"0xf647f49d42e78bc83b58d73cfe789811af02637d","5.5"
"0xf64c2eb627f02e9bc6664584abc3e87238e70f1d","4.99"
"0xf66bb3b4e0bd728700d6af4336dc6c8cdb45204b","1"
"0xf67a0c7877f91b8ba05e70f21b6d8b8cf4b5ca02","49.99"
"0xf6911b165d1078225abe4e6c162fb45142a9ff0f","3.05"
"0xf6db91208bc2530176a4c6ae1f6203ca8f7dcc0b","0.58"
"0xf75975622c3e7cf65b295ce7fdde27a14cb88327","2"
"0xf774175f2050d06748e95d389bc6faa6a0cc1917","0.99"
"0xf81b98547d0adb983e1f799a2f35960c2aa07776","0.39"
"0xf8366320a93f468681c1acd95ba55cc8b2b6d58f","0.96"
"0xf8409e66a118930378c1e3a9576d3fc9dfb169d0","1.93"
"0xf848fecf7ffa18ab0e57ec89dc9b712ff9e46e5f","2.4"
"0xf84eff38cab82999232db3ed2a978ef1ec739ada","3.04"
"0xf8d914fe10c4d88edae1c779711940955fbb12a9","4.35"
"0xf937066e3e95f370f11856c2c2e6c62c76082a1d","5"
"0xf97758377839c92dcc4bdf6f8bc30c460aa06aa4","4.98"
"0xf9827059961ef95c169289e39449894a477f6009","9.83"
"0xf98cab1b1816261f30d6e952bd38df6da2b62177","0.9"
"0xf997558ae6ab4e5b7df35b6686becf512a50202c","5"
"0xf99e7de2d3ef6feaf38da924f17ce26faf759428","37.05"
"0xfa1aebd4852f68b4ddc9fb0fba1f66a91eba2f6e","1.15"
"0xfa79e7004f4064bf3c09478f773bfccb612c9830","8"
"0xfa9c2d6fa69e5b1bc947c59bb2c9ee7f38bb8359","11.19"
"0xfaeb4f82c846206b47aea78e77fbe231369c8e21","0.08"
"0xfb492fa16742d9bb24a455d3216df19ca20bab60","1"
"0xfb7ca8122fe3093c6407adb761b95130425628e1","5.09"
"0xfb83060f308fa2cf6ef1dcf3a8e456c89ebf8fc8","3.1"
"0xfb909fc195fbb7c1e70eaee99628fc0e3418d2d7","2.42"
"0xfb992fe32ac5e6c9ae34cd853e7e550532b7a4d7","0.19"
"0xfc2ff6c31c3a4cd32e193cd61ad376cc818f32e1","9.99"
"0xfc3c8111c7947e07a45b6c8d3fa4d60e3c2acb6a","4"
"0xfc820096d4439da123ded8fd6f224f8d587487e3","0.35"
"0xfca1fce0af57371f1f16694a13557b2cd6449a92","15"
"0xfce227f04aa17893ca4083fab286d51c31565a91","40.8"
"0xfcefee53e5328f7f955bb1dcf8d6f8663b130c7f","1.99"
"0xfcf9043d6aba1512b95752ab1942a4e39cf87355","25"
"0xfcfbaa2ddbbfce23f6c68be182d9ad21b2c3580c","2.5"
"0xfd2735817f74be488b1cb5b93aae3fc05c1bff79","1.09"
"0xfd46f28de98419f781bdc4b6c28c4c976a83410a","0.21"
"0xfd59cc9a0166c02d6d070cd464d42c863a22a251","1.04"
"0xfd63458b58486f7a23a709692ffe9b65691d7dab","10"
"0xfdaca90b1fe38f8dd6e8cdc1b68d7daeee140151","1.99"
"0xfde2bee9c5882e032edb60d476a9a00d05b9b0f0","11.39"
"0xfe055ebc9100864aa0d516149816de47e2fea4e1","5"
"0xfe05efdcd7da5e33027035ea6d86bfb0d5d64ac4","2.2"
"0xfe12311bd17d4b0c40af26dc6461dd3a5107999b","0.98"
"0xfe2f154e679266ae0729d22adde1e504a677c65c","1"
"0xfec845d1e7aeddb05ce2560df5c718b5c6829fb9","1.52"
"0xfeeb91cbede039bee5b1b70b1f6f2503039350a9","4.99"
"0xff35fae0343641d220ef30ecae7216a6f59525f7","1.97"
"0xff515e40b26e7f52179d8f61a8463b8a3534d8eb","23"
"0xff8fa3db045b18033f1d0156be0a3e5087efaef3","2"
"0xff9a4c67b7d04322613626475afa3e65710f55fc","0.2"
"0xffa42e0b091266373d13b757d936590215dd62ce","3.47"
"0xffbd857d5b5f01964e54365140ee2d76ea269582","0.16"
"0xffc53d5e46c14b7cf36544dda114ab812dbda6ca","8.1"
"0xfffac970b37e719f85ecbc0c2bca82544cf510bc","1.72"
